CLIENTNUM,Attrition_Flag,Customer_Age,Gender,Dependent_count,Education_Level,Marital_Status,Income_Category,Card_Category,Months_on_book,Total_Relationship_Count,Months_Inactive_12_mon,Contacts_Count_12_mon,Credit_Limit,Total_Revolving_Bal,Total_Amt_Chng_Q4_Q1,Total_Trans_Amt,Total_Trans_Ct,Total_Ct_Chng_Q4_Q1,Avg_Utilization_Ratio,Avg_Open_To_Buy,Naive_Bayes_Classifier_Attrition_Flag_Card_Category_Contacts_Count_12_mon_Dependent_count_Education_Level_Months_Inactive_12_mon_1,Naive_Bayes_Classifier_Attrition_Flag_Card_Category_Contacts_Count_12_mon_Dependent_count_Education_Level_Months_Inactive_12_mon_2
768800000,Existing Customer,64.0,F,5.0,Doctorate,Unknown,Less than $40K,Silver,43.0,2.0,6.0,4.0,33568.6,2160.0,2.435,8526.0,129.0,0.807,0.171,31408.6,0.982968,0.017032
768800001,Existing Customer,61.0,M,0.0,High School,Divorced,$80K - $120K,Platinum,36.0,1.0,1.0,5.0,19730.6,213.0,1.214,848.0,35.0,2.453,0.507,19517.6,0.865398,0.134602
768800002,Attrited Customer,52.0,M,2.0,Doctorate,Unknown,$40K - $60K,Blue,56.0,4.0,0.0,4.0,10399.5,1874.0,2.896,12609.0,42.0,2.837,0.113,8525.5,0.113835,0.886165
768800003,Existing Customer,68.0,M,2.0,High School,Unknown,$40K - $60K,Silver,46.0,5.0,5.0,4.0,17612.3,1288.0,0.819,8689.0,78.0,0.617,0.626,16324.3,0.975493,0.024507
768800004,Existing Customer,32.0,F,4.0,High School,Divorced,Less than $40K,Platinum,13.0,5.0,3.0,3.0,2672.1,1907.0,1.831,14378.0,13.0,0.162,0.875,765.1,0.954599,0.045401
768800005,Attrited Customer,70.0,M,0.0,High School,Single,$120K +,Platinum,29.0,6.0,5.0,1.0,28032.8,1134.0,0.626,11619.0,57.0,1.626,0.363,26898.8,0.099734,0.900266
768800006,Existing Customer,66.0,F,2.0,Uneducated,Divorced,$120K +,Silver,25.0,3.0,0.0,1.0,4793.3,398.0,1.684,14660.0,35.0,2.864,0.168,4395.3,0.988558,0.011442
768800007,Existing Customer,50.0,M,0.0,College,Single,$120K +,Gold,38.0,5.0,0.0,5.0,11650.8,1891.0,0.518,8785.0,72.0,2.408,0.4,9759.8,0.809329,0.190671
768800008,Existing Customer,61.0,F,4.0,Uneducated,Divorced,Less than $40K,Blue,24.0,5.0,3.0,0.0,20137.5,1589.0,0.549,652.0,115.0,2.597,0.786,18548.5,0.917752,0.082248
768800009,Existing Customer,50.0,F,3.0,High School,Unknown,$40K - $60K,Blue,55.0,2.0,6.0,0.0,2859.5,1169.0,2.082,2858.0,130.0,1.491,0.591,1690.5,0.915071,0.084929
768800010,Existing Customer,38.0,M,2.0,Graduate,Single,$120K +,Silver,26.0,6.0,2.0,2.0,4061.6,938.0,0.897,8758.0,37.0,0.869,0.101,3123.6,0.957278,0.042722
768800011,Attrited Customer,64.0,M,2.0,Unknown,Divorced,$60K - $80K,Platinum,35.0,1.0,5.0,5.0,24464.1,865.0,0.586,7654.0,80.0,1.968,0.537,23599.1,0.140648,0.859352
768800012,Existing Customer,37.0,F,0.0,Unknown,Married,Less than $40K,Gold,18.0,4.0,6.0,4.0,3812.2,1211.0,3.161,14788.0,71.0,0.756,0.468,2601.2,0.835874,0.164126
768800013,Existing Customer,41.0,M,5.0,Doctorate,Divorced,Less than $40K,Silver,53.0,6.0,6.0,4.0,17218.9,658.0,0.146,7909.0,63.0,2.687,0.327,16560.9,0.950421,0.049579
768800014,Existing Customer,50.0,M,3.0,High School,Single,$40K - $60K,Silver,53.0,4.0,3.0,3.0,12641.4,710.0,1.922,15971.0,92.0,0.729,0.11,11931.4,0.829901,0.170099
768800015,Existing Customer,66.0,F,1.0,Doctorate,Single,$120K +,Blue,47.0,6.0,4.0,0.0,8982.4,700.0,1.864,3884.0,138.0,1.078,0.981,8282.4,0.893889,0.106111
768800016,Existing Customer,44.0,M,2.0,Doctorate,Divorced,Less than $40K,Silver,28.0,1.0,3.0,2.0,7682.4,31.0,0.852,7428.0,62.0,1.874,0.176,7651.4,0.94633,0.05367
768800017,Existing Customer,49.0,M,4.0,College,Married,$120K +,Blue,15.0,4.0,4.0,0.0,26690.1,2336.0,1.539,14104.0,18.0,1.801,0.193,24354.1,0.930248,0.069752
768800018,Existing Customer,27.0,M,4.0,High School,Divorced,$80K - $120K,Blue,44.0,5.0,3.0,5.0,32913.1,595.0,0.298,2740.0,129.0,2.223,0.146,32318.1,0.842121,0.157879
768800019,Existing Customer,31.0,M,2.0,Unknown,Divorced,$120K +,Gold,31.0,4.0,3.0,5.0,6074.9,415.0,2.452,6287.0,131.0,1.619,0.57,5659.9,0.860792,0.139208
768800020,Existing Customer,28.0,F,1.0,Uneducated,Single,$120K +,Blue,56.0,6.0,3.0,1.0,33182.3,380.0,0.754,14024.0,51.0,3.402,0.444,32802.3,0.993795,0.006205
768800021,Existing Customer,29.0,F,3.0,High School,Married,$40K - $60K,Blue,43.0,3.0,4.0,2.0,21111.6,2488.0,0.658,11097.0,75.0,3.108,0.25,18623.6,0.889734,0.110266
768800022,Attrited Customer,67.0,M,3.0,Graduate,Single,$120K +,Gold,36.0,5.0,5.0,2.0,22662.8,1200.0,1.071,14495.0,122.0,3.253,0.429,21462.8,0.026585,0.973415
768800023,Attrited Customer,66.0,M,3.0,Uneducated,Married,Less than $40K,Silver,56.0,3.0,6.0,6.0,24920.9,823.0,3.068,9780.0,75.0,2.329,0.674,24097.9,0.175677,0.824323
768800024,Existing Customer,65.0,F,0.0,High School,Single,$40K - $60K,Silver,48.0,6.0,4.0,3.0,24728.8,1017.0,2.708,15953.0,72.0,2.35,0.282,23711.8,0.868487,0.131513
768800025,Existing Customer,28.0,M,2.0,Graduate,Divorced,$40K - $60K,Blue,33.0,1.0,0.0,5.0,28555.7,222.0,3.219,16281.0,129.0,2.254,0.915,28333.7,0.999898,0.000102
768800026,Existing Customer,29.0,M,3.0,Uneducated,Married,Less than $40K,Blue,13.0,2.0,4.0,3.0,17430.2,789.0,2.217,18027.0,117.0,1.609,0.306,16641.2,0.860538,0.139462
768800027,Existing Customer,39.0,M,5.0,Unknown,Divorced,Less than $40K,Silver,17.0,1.0,2.0,4.0,19080.4,626.0,2.254,2703.0,75.0,1.192,0.198,18454.4,0.805279,0.194721
768800028,Existing Customer,53.0,M,3.0,High School,Married,Less than $40K,Gold,32.0,5.0,0.0,3.0,12149.5,2022.0,1.632,11136.0,30.0,2.19,0.955,10127.5,0.902584,0.097416
768800029,Existing Customer,42.0,F,2.0,College,Unknown,Less than $40K,Silver,37.0,2.0,0.0,1.0,4919.7,147.0,3.078,2563.0,66.0,0.094,0.811,4772.7,0.816721,0.183279
768800030,Existing Customer,49.0,M,3.0,Unknown,Divorced,$40K - $60K,Gold,14.0,2.0,4.0,6.0,23423.0,1071.0,1.737,4624.0,97.0,0.028,0.343,22352.0,0.854814,0.145186
768800031,Attrited Customer,34.0,M,1.0,Doctorate,Single,Less than $40K,Gold,18.0,6.0,6.0,4.0,2549.8,1989.0,1.207,5908.0,45.0,3.151,0.841,560.8,0.091197,0.908803
768800032,Existing Customer,61.0,F,0.0,Unknown,Divorced,Less than $40K,Silver,43.0,3.0,3.0,5.0,10555.5,2098.0,2.177,12124.0,79.0,0.172,0.519,8457.5,0.940928,0.059072
768800033,Existing Customer,41.0,M,4.0,Graduate,Married,$120K +,Silver,46.0,1.0,3.0,6.0,4554.9,1290.0,1.857,8261.0,95.0,1.942,0.347,3264.9,0.810133,0.189867
768800034,Existing Customer,29.0,F,5.0,Doctorate,Married,Less than $40K,Silver,14.0,1.0,0.0,1.0,7746.9,560.0,0.422,16053.0,21.0,2.275,0.84,7186.9,0.889737,0.110263
768800035,Existing Customer,61.0,M,5.0,Unknown,Unknown,Less than $40K,Blue,35.0,2.0,4.0,0.0,22565.9,848.0,1.335,5876.0,84.0,0.733,0.752,21717.9,0.834328,0.165672
768800036,Existing Customer,69.0,M,3.0,Graduate,Unknown,Less than $40K,Gold,16.0,6.0,0.0,4.0,22226.7,559.0,1.065,11604.0,105.0,3.314,0.298,21667.7,0.824589,0.175411
768800037,Existing Customer,26.0,M,0.0,Uneducated,Married,Less than $40K,Gold,44.0,4.0,5.0,2.0,15365.7,1667.0,2.879,14228.0,37.0,0.703,0.607,13698.7,0.917413,0.082587
768800038,Existing Customer,46.0,F,5.0,College,Single,$60K - $80K,Silver,49.0,6.0,5.0,3.0,4420.7,736.0,1.288,18131.0,81.0,3.273,0.369,3684.7,0.901131,0.098869
768800039,Existing Customer,65.0,F,2.0,Uneducated,Married,$120K +,Silver,51.0,2.0,6.0,1.0,15773.1,1587.0,2.793,4918.0,102.0,2.823,0.001,14186.1,0.948573,0.051427
768800040,Existing Customer,59.0,M,1.0,Graduate,Single,$80K - $120K,Silver,39.0,3.0,1.0,2.0,13106.1,1651.0,1.504,13696.0,15.0,0.891,0.962,11455.1,0.978461,0.021539
768800041,Existing Customer,67.0,M,5.0,Unknown,Single,$60K - $80K,Gold,40.0,1.0,1.0,2.0,25269.3,2366.0,2.562,2033.0,93.0,0.558,0.55,22903.3,0.849336,0.150664
768800042,Existing Customer,45.0,M,4.0,Unknown,Single,Less than $40K,Platinum,53.0,3.0,2.0,2.0,20591.0,932.0,0.46,10278.0,43.0,1.17,0.598,19659.0,0.984598,0.015402
768800043,Existing Customer,43.0,F,4.0,Uneducated,Divorced,$80K - $120K,Blue,39.0,4.0,5.0,5.0,17698.0,2420.0,3.144,7948.0,61.0,1.472,0.6,15278.0,0.903598,0.096402
768800044,Existing Customer,60.0,M,1.0,Doctorate,Married,Less than $40K,Silver,32.0,5.0,1.0,4.0,17546.4,1009.0,1.634,17739.0,94.0,0.909,0.551,16537.4,0.851767,0.148233
768800045,Existing Customer,33.0,F,5.0,Uneducated,Unknown,$80K - $120K,Blue,46.0,3.0,6.0,3.0,33401.2,1713.0,0.883,14411.0,10.0,3.696,0.29,31688.2,0.969157,0.030843
768800046,Existing Customer,37.0,F,2.0,Doctorate,Divorced,$60K - $80K,Silver,38.0,5.0,1.0,0.0,26454.7,1665.0,0.821,17177.0,12.0,0.85,0.972,24789.7,0.807106,0.192894
768800047,Existing Customer,54.0,F,3.0,College,Unknown,$120K +,Blue,50.0,4.0,0.0,3.0,17877.1,2059.0,0.901,15798.0,68.0,3.073,0.622,15818.1,0.911902,0.088098
768800048,Existing Customer,58.0,M,4.0,Uneducated,Married,$40K - $60K,Silver,36.0,2.0,1.0,1.0,17289.7,1181.0,1.247,7891.0,133.0,0.589,0.671,16108.7,0.944324,0.055676
768800049,Existing Customer,31.0,M,3.0,High School,Divorced,$80K - $120K,Silver,51.0,6.0,5.0,2.0,2313.9,1995.0,2.44,13691.0,10.0,3.627,0.455,318.9,0.855996,0.144004
768800050,Existing Customer,50.0,M,1.0,College,Unknown,$60K - $80K,Silver,14.0,3.0,4.0,2.0,32614.3,894.0,3.229,1057.0,112.0,0.834,0.288,31720.3,0.972698,0.027302
768800051,Existing Customer,43.0,F,1.0,Graduate,Married,$60K - $80K,Silver,14.0,1.0,2.0,0.0,11995.6,1237.0,2.275,10538.0,19.0,1.56,0.064,10758.6,0.848057,0.151943
768800052,Existing Customer,50.0,F,2.0,Graduate,Unknown,$120K +,Platinum,17.0,6.0,4.0,2.0,9904.0,1258.0,1.86,1360.0,73.0,2.067,0.35,8646.0,0.967975,0.032025
768800053,Existing Customer,72.0,F,5.0,Graduate,Single,$80K - $120K,Platinum,37.0,6.0,4.0,1.0,34496.4,1773.0,1.525,13527.0,65.0,0.445,0.176,32723.4,0.815709,0.184291
768800054,Existing Customer,29.0,M,4.0,Unknown,Unknown,$60K - $80K,Blue,44.0,1.0,3.0,5.0,25210.8,1556.0,2.816,17886.0,70.0,3.022,0.662,23654.8,0.831986,0.168014
768800055,Existing Customer,73.0,M,2.0,High School,Single,$60K - $80K,Silver,22.0,6.0,3.0,6.0,3004.7,197.0,2.889,12757.0,20.0,1.016,0.879,2807.7,0.876197,0.123803
768800056,Existing Customer,47.0,F,4.0,Doctorate,Unknown,$80K - $120K,Platinum,19.0,6.0,0.0,0.0,3485.0,2037.0,0.996,15607.0,107.0,2.032,0.303,1448.0,0.970811,0.029189
768800057,Existing Customer,63.0,F,4.0,Unknown,Married,$40K - $60K,Gold,50.0,5.0,1.0,4.0,2281.5,1908.0,3.242,4722.0,45.0,2.034,0.333,373.5,0.828917,0.171083
768800058,Existing Customer,46.0,F,2.0,High School,Single,Less than $40K,Blue,46.0,2.0,3.0,4.0,21272.2,263.0,1.343,18375.0,110.0,2.23,0.67,21009.2,0.975088,0.024912
768800059,Existing Customer,40.0,F,2.0,College,Single,$60K - $80K,Gold,41.0,4.0,0.0,2.0,3805.2,2421.0,2.72,10409.0,95.0,0.205,0.149,1384.2,0.845946,0.154054
768800060,Existing Customer,62.0,M,5.0,College,Married,Less than $40K,Blue,34.0,4.0,3.0,3.0,32312.6,1663.0,3.287,12633.0,81.0,0.624,0.929,30649.6,0.890502,0.109498
768800061,Existing Customer,59.0,M,3.0,Uneducated,Single,Less than $40K,Blue,31.0,4.0,0.0,5.0,32429.0,213.0,2.392,14361.0,50.0,0.596,0.364,32216.0,0.870547,0.129453
768800062,Existing Customer,32.0,M,0.0,Doctorate,Single,$60K - $80K,Gold,13.0,4.0,5.0,2.0,19500.4,1237.0,0.549,12006.0,94.0,1.118,0.101,18263.4,0.823625,0.176375
768800063,Existing Customer,59.0,F,4.0,Uneducated,Married,$80K - $120K,Gold,21.0,4.0,0.0,0.0,21835.2,2105.0,1.993,6210.0,139.0,0.536,0.175,19730.2,0.988862,0.011138
768800064,Existing Customer,62.0,F,3.0,Uneducated,Divorced,$80K - $120K,Platinum,52.0,4.0,0.0,2.0,11093.3,704.0,0.404,11500.0,130.0,3.411,0.933,10389.3,0.887636,0.112364
768800065,Existing Customer,44.0,M,3.0,Uneducated,Divorced,$40K - $60K,Silver,27.0,5.0,4.0,1.0,3554.1,2349.0,2.683,12265.0,129.0,1.898,0.247,1205.1,0.938066,0.061934
768800066,Existing Customer,70.0,F,4.0,Doctorate,Unknown,$60K - $80K,Platinum,43.0,4.0,1.0,2.0,25831.7,1053.0,0.956,15920.0,38.0,2.307,0.662,24778.7,0.915054,0.084946
768800067,Existing Customer,56.0,F,5.0,College,Divorced,Less than $40K,Silver,43.0,1.0,2.0,1.0,4804.9,569.0,2.364,9164.0,86.0,1.323,0.156,4235.9,0.900343,0.099657
768800068,Existing Customer,42.0,F,1.0,Uneducated,Married,$80K - $120K,Gold,26.0,1.0,2.0,1.0,4268.1,897.0,3.094,9529.0,61.0,1.022,0.194,3371.1,0.923316,0.076684
768800069,Existing Customer,26.0,F,2.0,Unknown,Married,$40K - $60K,Blue,21.0,6.0,1.0,6.0,11732.6,1321.0,0.615,9554.0,135.0,1.862,0.879,10411.6,0.979668,0.020332
768800070,Existing Customer,58.0,M,1.0,Doctorate,Single,$80K - $120K,Blue,43.0,6.0,5.0,0.0,1850.3,1732.0,1.336,2566.0,133.0,1.089,0.148,118.3,0.939862,0.060138
768800071,Existing Customer,36.0,M,3.0,Unknown,Single,$120K +,Platinum,17.0,4.0,4.0,4.0,15795.0,2336.0,2.2,2128.0,122.0,1.271,0.019,13459.0,0.906496,0.093504
768800072,Attrited Customer,62.0,F,2.0,Doctorate,Married,$80K - $120K,Platinum,34.0,2.0,1.0,5.0,24846.7,490.0,1.427,877.0,31.0,1.675,0.501,24356.7,0.002569,0.997431
768800073,Existing Customer,51.0,F,2.0,Uneducated,Unknown,$40K - $60K,Platinum,52.0,5.0,4.0,4.0,27945.0,2417.0,0.594,12485.0,51.0,1.871,0.863,25528.0,0.921279,0.078721
768800074,Existing Customer,48.0,M,4.0,Doctorate,Divorced,$120K +,Silver,44.0,1.0,4.0,6.0,21427.3,1328.0,0.099,8039.0,102.0,3.642,0.326,20099.3,0.886624,0.113376
768800075,Existing Customer,33.0,M,2.0,Graduate,Divorced,$80K - $120K,Blue,46.0,3.0,3.0,0.0,29450.9,322.0,1.382,16070.0,107.0,0.826,0.128,29128.9,0.924953,0.075047
768800076,Existing Customer,60.0,F,2.0,Graduate,Married,$80K - $120K,Platinum,16.0,2.0,4.0,2.0,14884.3,2332.0,2.207,13132.0,55.0,1.806,0.982,12552.3,0.888714,0.111286
768800077,Existing Customer,33.0,F,2.0,Uneducated,Unknown,$120K +,Gold,21.0,1.0,6.0,1.0,29513.7,878.0,1.952,3052.0,27.0,0.553,0.677,28635.7,0.951523,0.048477
768800078,Existing Customer,46.0,M,1.0,Unknown,Married,$120K +,Blue,25.0,5.0,3.0,4.0,18191.1,1562.0,0.531,2308.0,27.0,1.295,0.851,16629.1,0.993782,0.006218
768800079,Existing Customer,66.0,F,0.0,College,Single,Less than $40K,Platinum,25.0,4.0,2.0,4.0,8815.6,1757.0,1.532,7090.0,98.0,2.654,0.752,7058.6,0.991973,0.008027
768800080,Existing Customer,70.0,M,4.0,Uneducated,Single,$120K +,Platinum,21.0,2.0,3.0,6.0,32668.4,33.0,1.256,17063.0,69.0,0.646,0.698,32635.4,0.964147,0.035853
768800081,Existing Customer,73.0,M,0.0,Uneducated,Unknown,$80K - $120K,Silver,55.0,4.0,5.0,2.0,10533.5,557.0,0.932,1384.0,73.0,2.151,0.385,9976.5,0.920352,0.079648
768800082,Existing Customer,71.0,F,1.0,Graduate,Single,$40K - $60K,Platinum,20.0,1.0,4.0,1.0,2304.7,1728.0,2.48,3878.0,115.0,1.542,0.324,576.7,0.949866,0.050134
768800083,Existing Customer,52.0,M,4.0,College,Married,$40K - $60K,Platinum,44.0,3.0,0.0,6.0,9465.2,817.0,1.053,1042.0,12.0,0.191,0.717,8648.2,0.83561,0.16439
768800084,Existing Customer,35.0,F,0.0,Uneducated,Single,$80K - $120K,Gold,38.0,4.0,3.0,4.0,13567.3,23.0,1.836,7945.0,108.0,3.452,0.717,13544.3,0.895804,0.104196
768800085,Existing Customer,66.0,M,3.0,College,Single,$40K - $60K,Gold,39.0,3.0,5.0,5.0,13059.9,58.0,3.139,18299.0,45.0,1.53,0.951,13001.9,0.851461,0.148539
768800086,Existing Customer,64.0,F,4.0,Uneducated,Married,$60K - $80K,Silver,22.0,5.0,1.0,3.0,18793.0,2080.0,1.834,12799.0,131.0,2.901,0.569,16713.0,0.800699,0.199301
768800087,Existing Customer,73.0,M,3.0,Graduate,Married,$80K - $120K,Platinum,26.0,2.0,6.0,3.0,30650.1,386.0,2.098,9380.0,134.0,1.54,0.295,30264.1,0.993348,0.006652
768800088,Existing Customer,57.0,F,1.0,Unknown,Married,$80K - $120K,Platinum,39.0,1.0,5.0,2.0,11108.0,252.0,0.249,3105.0,75.0,3.468,0.49,10856.0,0.97277,0.02723
768800089,Existing Customer,32.0,M,0.0,Uneducated,Single,$120K +,Platinum,26.0,4.0,5.0,5.0,18664.1,1415.0,0.606,6900.0,51.0,1.075,0.614,17249.1,0.90274,0.09726
768800090,Existing Customer,50.0,F,5.0,High School,Single,Less than $40K,Gold,43.0,6.0,0.0,1.0,12689.1,299.0,0.343,9938.0,40.0,1.525,0.427,12390.1,0.85083,0.14917
768800091,Existing Customer,47.0,M,1.0,Uneducated,Single,$40K - $60K,Blue,14.0,3.0,4.0,6.0,28620.6,1644.0,2.6,5450.0,33.0,2.808,0.791,26976.6,0.938595,0.061405
768800092,Existing Customer,66.0,M,4.0,College,Divorced,$120K +,Silver,16.0,1.0,3.0,1.0,6651.1,1370.0,2.842,13183.0,139.0,1.272,0.585,5281.1,0.88696,0.11304
768800093,Existing Customer,44.0,M,1.0,High School,Married,$60K - $80K,Silver,45.0,6.0,4.0,3.0,4861.9,1633.0,0.634,18125.0,34.0,1.348,0.009,3228.9,0.96067,0.03933
768800094,Existing Customer,41.0,F,0.0,Graduate,Unknown,$40K - $60K,Platinum,40.0,3.0,5.0,2.0,18076.1,1237.0,0.746,4211.0,68.0,3.681,0.57,16839.1,0.999904,9.6e-05
768800095,Existing Customer,29.0,M,4.0,High School,Unknown,$40K - $60K,Gold,14.0,2.0,2.0,4.0,23662.7,1959.0,1.099,5044.0,72.0,2.056,0.634,21703.7,0.869817,0.130183
768800096,Existing Customer,66.0,F,5.0,College,Married,$40K - $60K,Gold,52.0,4.0,3.0,4.0,27752.4,1623.0,2.01,2779.0,98.0,2.551,0.915,26129.4,0.848881,0.151119
768800097,Existing Customer,62.0,F,5.0,Doctorate,Single,$60K - $80K,Blue,13.0,2.0,4.0,6.0,20941.6,1045.0,2.114,13554.0,119.0,2.381,0.414,19896.6,0.853476,0.146524
768800098,Existing Customer,27.0,F,4.0,Unknown,Married,$40K - $60K,Platinum,55.0,6.0,5.0,5.0,27035.4,38.0,2.335,8809.0,82.0,3.063,0.574,26997.4,0.818669,0.181331
768800099,Attrited Customer,46.0,F,1.0,Uneducated,Single,$80K - $120K,Silver,45.0,2.0,5.0,1.0,14428.1,688.0,3.078,5610.0,108.0,3.189,0.475,13740.1,0.027921,0.972079
768800100,Attrited Customer,49.0,M,5.0,Unknown,Single,$60K - $80K,Blue,56.0,4.0,2.0,1.0,2525.2,330.0,1.003,4449.0,83.0,2.084,0.532,2195.2,0.110572,0.889428
768800101,Existing Customer,48.0,F,4.0,Graduate,Married,$80K - $120K,Platinum,54.0,4.0,6.0,6.0,5278.3,39.0,2.24,1777.0,66.0,1.09,0.067,5239.3,0.822879,0.177121
768800102,Existing Customer,70.0,F,1.0,Doctorate,Married,Less than $40K,Blue,26.0,2.0,0.0,3.0,2718.9,687.0,1.903,9068.0,30.0,0.084,0.897,2031.9,0.854339,0.145661
768800103,Attrited Customer,33.0,M,0.0,College,Single,$80K - $120K,Blue,46.0,3.0,3.0,0.0,12318.8,520.0,1.04,12791.0,37.0,2.273,0.91,11798.8,0.167032,0.832968
768800104,Existing Customer,40.0,M,5.0,Doctorate,Divorced,$120K +,Blue,22.0,1.0,4.0,5.0,17827.9,193.0,3.085,4734.0,66.0,3.054,0.548,17634.9,0.946432,0.053568
768800105,Existing Customer,34.0,F,1.0,Doctorate,Single,Less than $40K,Silver,33.0,4.0,0.0,4.0,13224.3,786.0,0.325,539.0,15.0,1.667,0.557,12438.3,0.821121,0.178879
768800106,Existing Customer,37.0,M,4.0,College,Unknown,$40K - $60K,Blue,23.0,5.0,3.0,0.0,19981.5,1275.0,2.421,9017.0,51.0,0.609,0.058,18706.5,0.973199,0.026801
768800107,Existing Customer,69.0,F,0.0,Graduate,Single,$80K - $120K,Platinum,34.0,6.0,4.0,5.0,17335.6,448.0,2.475,12656.0,70.0,1.066,0.598,16887.6,0.844223,0.155777
768800108,Existing Customer,71.0,M,1.0,College,Unknown,$80K - $120K,Gold,51.0,2.0,4.0,4.0,23863.0,687.0,3.112,6711.0,71.0,1.887,0.429,23176.0,0.821718,0.178282
768800109,Attrited Customer,28.0,M,1.0,Doctorate,Married,$80K - $120K,Silver,32.0,2.0,0.0,4.0,23499.8,50.0,1.763,5010.0,115.0,3.096,0.709,23449.8,0.120064,0.879936
768800110,Existing Customer,56.0,F,1.0,Unknown,Divorced,$60K - $80K,Blue,17.0,4.0,1.0,6.0,11958.9,126.0,1.094,3283.0,135.0,0.635,0.047,11832.9,0.943041,0.056959
768800111,Existing Customer,37.0,M,4.0,Unknown,Unknown,$80K - $120K,Silver,27.0,5.0,1.0,3.0,12890.1,396.0,2.814,13921.0,104.0,2.265,0.711,12494.1,0.851323,0.148677
768800112,Existing Customer,35.0,F,5.0,Graduate,Married,$80K - $120K,Blue,47.0,6.0,4.0,3.0,20793.5,1140.0,2.621,15996.0,20.0,2.787,0.287,19653.5,0.9019,0.0981
768800113,Existing Customer,40.0,F,5.0,College,Unknown,Less than $40K,Platinum,35.0,1.0,2.0,4.0,21166.8,1677.0,1.701,14346.0,63.0,3.463,0.652,19489.8,0.822323,0.177677
768800114,Existing Customer,35.0,M,4.0,High School,Single,$80K - $120K,Silver,37.0,2.0,4.0,1.0,11847.6,1985.0,2.611,9824.0,104.0,0.432,0.627,9862.6,0.997059,0.002941
768800115,Attrited Customer,49.0,M,1.0,Doctorate,Single,$60K - $80K,Silver,31.0,2.0,5.0,1.0,12364.3,1585.0,0.911,13525.0,87.0,3.428,0.227,10779.3,0.152534,0.847466
768800116,Existing Customer,73.0,F,5.0,Unknown,Divorced,Less than $40K,Blue,25.0,2.0,5.0,5.0,24395.6,1553.0,2.004,7644.0,69.0,2.225,0.44,22842.6,0.882385,0.117615
768800117,Existing Customer,54.0,F,3.0,High School,Divorced,$60K - $80K,Blue,39.0,3.0,1.0,1.0,22853.1,2356.0,2.942,950.0,66.0,2.837,0.836,20497.1,0.97033,0.02967
768800118,Existing Customer,60.0,M,3.0,College,Married,$60K - $80K,Blue,40.0,6.0,6.0,3.0,5905.2,643.0,1.081,7117.0,62.0,0.199,0.606,5262.2,0.848977,0.151023
768800119,Existing Customer,49.0,F,4.0,Unknown,Unknown,Less than $40K,Blue,52.0,1.0,1.0,1.0,16026.8,2009.0,1.644,13159.0,85.0,1.873,0.069,14017.8,0.853394,0.146606
768800120,Existing Customer,26.0,M,4.0,Unknown,Divorced,$120K +,Gold,40.0,5.0,0.0,1.0,30966.9,2359.0,3.234,12145.0,33.0,2.304,0.443,28607.9,0.9617,0.0383
768800121,Existing Customer,30.0,M,5.0,Uneducated,Unknown,$40K - $60K,Platinum,56.0,4.0,0.0,4.0,2638.9,1429.0,2.714,18307.0,77.0,1.135,0.312,1209.9,0.854668,0.145332
768800122,Existing Customer,38.0,F,3.0,High School,Single,$40K - $60K,Platinum,49.0,4.0,1.0,5.0,29725.1,2116.0,3.016,18440.0,36.0,1.597,0.642,27609.1,0.800574,0.199426
768800123,Existing Customer,37.0,M,3.0,Unknown,Divorced,$60K - $80K,Silver,16.0,5.0,6.0,3.0,6835.6,346.0,1.31,4871.0,98.0,2.051,0.615,6489.6,0.885583,0.114417
768800124,Existing Customer,66.0,F,4.0,Unknown,Single,$120K +,Platinum,30.0,1.0,1.0,0.0,18216.8,2212.0,3.388,681.0,122.0,2.044,0.01,16004.8,0.802507,0.197493
768800125,Existing Customer,66.0,F,1.0,College,Unknown,$80K - $120K,Gold,29.0,5.0,4.0,1.0,15474.2,1420.0,0.519,5439.0,76.0,0.155,0.608,14054.2,0.981958,0.018042
768800126,Existing Customer,66.0,F,1.0,Unknown,Unknown,$80K - $120K,Blue,13.0,2.0,2.0,1.0,1773.1,557.0,1.764,16258.0,60.0,1.626,0.735,1216.1,0.928363,0.071637
768800127,Existing Customer,56.0,F,3.0,High School,Unknown,$40K - $60K,Blue,20.0,4.0,0.0,6.0,31717.5,155.0,1.63,15133.0,132.0,0.791,0.769,31562.5,0.916603,0.083397
768800128,Existing Customer,52.0,M,0.0,College,Divorced,$120K +,Gold,46.0,5.0,3.0,2.0,16486.0,1812.0,2.715,2285.0,95.0,3.392,0.059,14674.0,0.840318,0.159682
768800129,Existing Customer,57.0,M,1.0,High School,Unknown,$120K +,Silver,28.0,4.0,0.0,2.0,33003.3,1084.0,3.089,3393.0,65.0,3.613,0.304,31919.3,0.939989,0.060011
768800130,Existing Customer,45.0,F,4.0,Unknown,Single,$60K - $80K,Blue,19.0,2.0,3.0,0.0,10922.9,780.0,2.486,10639.0,13.0,1.109,0.421,10142.9,0.935451,0.064549
768800131,Attrited Customer,58.0,F,5.0,Doctorate,Single,$60K - $80K,Platinum,25.0,3.0,3.0,3.0,30092.7,982.0,2.131,12383.0,12.0,0.648,0.18,29110.7,0.128238,0.871762
768800132,Existing Customer,64.0,M,3.0,Unknown,Unknown,Less than $40K,Gold,25.0,3.0,3.0,6.0,31948.8,2495.0,1.453,18167.0,38.0,0.812,0.421,29453.8,0.976169,0.023831
768800133,Existing Customer,62.0,F,2.0,College,Married,$80K - $120K,Gold,20.0,1.0,1.0,2.0,19856.9,1077.0,1.735,14081.0,40.0,1.768,0.071,18779.9,0.915883,0.084117
768800134,Existing Customer,55.0,M,2.0,High School,Divorced,$120K +,Platinum,17.0,5.0,5.0,4.0,8142.2,198.0,1.732,4318.0,103.0,3.236,0.113,7944.2,0.958493,0.041507
768800135,Existing Customer,28.0,F,4.0,High School,Married,$60K - $80K,Platinum,46.0,1.0,4.0,1.0,24104.6,704.0,0.069,1177.0,75.0,1.85,0.669,23400.6,0.852583,0.147417
768800136,Attrited Customer,60.0,M,3.0,Uneducated,Divorced,$60K - $80K,Platinum,49.0,3.0,1.0,1.0,19597.1,366.0,1.71,11899.0,139.0,0.205,0.263,19231.1,0.191378,0.808622
768800137,Existing Customer,43.0,F,0.0,Doctorate,Single,$60K - $80K,Silver,34.0,4.0,3.0,5.0,32681.2,1726.0,2.91,10463.0,80.0,0.148,0.711,30955.2,0.94049,0.05951
768800138,Existing Customer,61.0,M,3.0,High School,Single,Less than $40K,Platinum,40.0,1.0,0.0,0.0,15968.2,2015.0,2.412,17078.0,127.0,0.841,0.048,13953.2,0.958777,0.041223
768800139,Existing Customer,51.0,M,2.0,Unknown,Single,$80K - $120K,Gold,53.0,6.0,6.0,3.0,10319.9,2117.0,2.705,10861.0,81.0,3.118,0.563,8202.9,0.877207,0.122793
768800140,Existing Customer,68.0,F,4.0,Graduate,Single,$80K - $120K,Gold,50.0,3.0,5.0,2.0,6012.3,1593.0,1.328,9519.0,56.0,2.299,0.391,4419.3,0.804738,0.195262
768800141,Existing Customer,42.0,M,5.0,Uneducated,Single,$120K +,Platinum,14.0,1.0,2.0,0.0,24547.4,1935.0,1.799,5964.0,102.0,2.083,0.797,22612.4,0.963651,0.036349
768800142,Attrited Customer,70.0,M,5.0,Graduate,Single,$120K +,Blue,54.0,4.0,4.0,3.0,33659.6,1050.0,0.114,2060.0,68.0,1.18,0.784,32609.6,0.019176,0.980824
768800143,Existing Customer,66.0,F,3.0,Uneducated,Divorced,$60K - $80K,Silver,15.0,4.0,4.0,6.0,2375.6,1580.0,1.302,16262.0,45.0,3.439,0.376,795.6,0.867806,0.132194
768800144,Existing Customer,41.0,M,2.0,Uneducated,Unknown,$120K +,Blue,14.0,4.0,4.0,0.0,25930.5,269.0,1.613,15358.0,71.0,1.225,0.623,25661.5,0.925646,0.074354
768800145,Existing Customer,49.0,M,2.0,High School,Divorced,$60K - $80K,Silver,30.0,5.0,0.0,5.0,32099.0,1355.0,0.868,3435.0,96.0,3.089,0.228,30744.0,0.819991,0.180009
768800146,Existing Customer,51.0,M,1.0,College,Divorced,$80K - $120K,Silver,45.0,3.0,6.0,3.0,3911.6,1403.0,0.106,13162.0,58.0,3.315,0.58,2508.6,0.814399,0.185601
768800147,Existing Customer,62.0,F,5.0,Doctorate,Unknown,$80K - $120K,Platinum,16.0,5.0,6.0,5.0,5082.2,78.0,2.347,7056.0,101.0,1.788,0.081,5004.2,0.805141,0.194859
768800148,Existing Customer,59.0,F,5.0,Unknown,Unknown,$120K +,Platinum,25.0,3.0,6.0,0.0,24326.6,1380.0,1.479,8365.0,137.0,3.309,0.435,22946.6,0.983328,0.016672
768800149,Existing Customer,66.0,F,5.0,Graduate,Married,$80K - $120K,Silver,24.0,4.0,6.0,6.0,22871.3,1820.0,1.413,15764.0,63.0,1.024,0.183,21051.3,0.862277,0.137723
768800150,Existing Customer,43.0,M,1.0,Unknown,Divorced,Less than $40K,Silver,30.0,1.0,6.0,0.0,3714.7,925.0,0.85,15645.0,48.0,2.436,0.883,2789.7,0.932132,0.067868
768800151,Attrited Customer,50.0,M,1.0,Unknown,Married,Less than $40K,Gold,56.0,4.0,5.0,6.0,29039.0,1372.0,1.829,3936.0,62.0,0.325,0.445,27667.0,0.144192,0.855808
768800152,Existing Customer,46.0,M,5.0,Unknown,Married,$60K - $80K,Platinum,27.0,2.0,0.0,4.0,18751.8,720.0,1.489,6039.0,118.0,1.754,0.591,18031.8,0.93389,0.06611
768800153,Existing Customer,69.0,F,3.0,Uneducated,Unknown,$60K - $80K,Platinum,22.0,5.0,3.0,2.0,31446.3,681.0,1.612,15274.0,33.0,0.804,0.36,30765.3,0.905019,0.094981
768800154,Existing Customer,40.0,M,4.0,Unknown,Married,$80K - $120K,Blue,18.0,5.0,1.0,0.0,30480.2,326.0,1.975,16992.0,136.0,0.232,0.289,30154.2,0.904184,0.095816
768800155,Existing Customer,54.0,M,2.0,College,Unknown,$60K - $80K,Blue,21.0,6.0,1.0,4.0,28314.1,825.0,0.022,1931.0,63.0,0.014,0.203,27489.1,0.875383,0.124617
768800156,Existing Customer,31.0,F,2.0,High School,Unknown,$60K - $80K,Gold,18.0,6.0,5.0,0.0,18502.9,2022.0,3.086,15493.0,119.0,1.202,0.912,16480.9,0.919956,0.080044
768800157,Existing Customer,66.0,F,3.0,Graduate,Unknown,$120K +,Silver,38.0,1.0,5.0,4.0,9764.1,2355.0,0.242,9303.0,112.0,2.181,0.799,7409.1,0.991758,0.008242
768800158,Existing Customer,44.0,F,4.0,Doctorate,Divorced,$40K - $60K,Blue,31.0,1.0,3.0,5.0,18174.7,1600.0,1.533,11120.0,111.0,1.684,0.133,16574.7,0.957609,0.042391
768800159,Existing Customer,42.0,M,2.0,High School,Unknown,$60K - $80K,Blue,34.0,6.0,5.0,1.0,4772.6,1572.0,0.705,1864.0,128.0,1.117,0.747,3200.6,0.884845,0.115155
768800160,Existing Customer,53.0,F,4.0,Uneducated,Married,$60K - $80K,Silver,49.0,3.0,0.0,1.0,23231.3,1545.0,1.781,12739.0,34.0,3.667,0.419,21686.3,0.866489,0.133511
768800161,Attrited Customer,49.0,F,1.0,Doctorate,Unknown,$60K - $80K,Silver,38.0,1.0,1.0,1.0,5869.7,1198.0,0.953,12695.0,87.0,3.476,0.015,4671.7,0.112369,0.887631
768800162,Existing Customer,66.0,M,2.0,High School,Married,$120K +,Gold,19.0,2.0,6.0,1.0,18346.6,1065.0,2.924,12422.0,22.0,0.465,0.528,17281.6,0.827157,0.172843
768800163,Existing Customer,51.0,F,5.0,Uneducated,Single,$120K +,Blue,29.0,6.0,3.0,0.0,3236.8,1563.0,1.348,14721.0,48.0,1.536,0.13,1673.8,0.969917,0.030083
768800164,Existing Customer,50.0,F,5.0,Graduate,Married,$60K - $80K,Gold,26.0,3.0,3.0,1.0,11345.3,1975.0,2.172,17515.0,15.0,2.401,0.21,9370.3,0.851015,0.148985
768800165,Existing Customer,31.0,M,5.0,College,Single,$60K - $80K,Gold,49.0,1.0,3.0,4.0,9114.8,1041.0,0.846,15786.0,98.0,2.714,0.696,8073.8,0.943126,0.056874
768800166,Existing Customer,27.0,F,1.0,Graduate,Divorced,$60K - $80K,Silver,26.0,5.0,1.0,2.0,21947.4,1424.0,0.066,13897.0,89.0,1.356,0.257,20523.4,0.961244,0.038756
768800167,Existing Customer,45.0,F,5.0,Unknown,Single,Less than $40K,Blue,19.0,2.0,5.0,5.0,27463.3,1183.0,1.374,18148.0,106.0,2.761,0.892,26280.3,0.895399,0.104601
768800168,Existing Customer,73.0,F,5.0,High School,Unknown,$60K - $80K,Gold,45.0,3.0,5.0,5.0,3333.5,718.0,1.824,12634.0,32.0,0.459,0.657,2615.5,0.838457,0.161543
768800169,Attrited Customer,70.0,F,5.0,Unknown,Divorced,$40K - $60K,Gold,31.0,1.0,4.0,5.0,29563.7,730.0,1.562,12589.0,53.0,1.228,0.832,28833.7,0.139709,0.860291
768800170,Existing Customer,56.0,F,0.0,Doctorate,Divorced,Less than $40K,Silver,17.0,4.0,2.0,3.0,29910.5,198.0,3.271,10253.0,97.0,2.651,0.615,29712.5,0.873502,0.126498
768800171,Existing Customer,56.0,F,4.0,Unknown,Unknown,Less than $40K,Silver,43.0,3.0,4.0,2.0,12759.6,1107.0,2.403,14333.0,117.0,2.315,0.869,11652.6,0.864136,0.135864
768800172,Existing Customer,44.0,M,5.0,Unknown,Single,$60K - $80K,Gold,22.0,6.0,6.0,6.0,23236.5,1793.0,3.385,1792.0,125.0,3.098,0.362,21443.5,0.902003,0.097997
768800173,Attrited Customer,34.0,F,4.0,Graduate,Single,Less than $40K,Silver,51.0,3.0,4.0,1.0,14755.6,1726.0,1.003,9601.0,19.0,0.173,0.549,13029.6,0.085623,0.914377
768800174,Existing Customer,26.0,F,1.0,Unknown,Unknown,$80K - $120K,Silver,49.0,2.0,3.0,3.0,6538.3,2481.0,2.683,8155.0,62.0,0.645,0.516,4057.3,0.93661,0.06339
768800175,Existing Customer,42.0,F,4.0,College,Divorced,$60K - $80K,Silver,29.0,1.0,1.0,3.0,18925.1,100.0,1.889,16916.0,11.0,0.179,0.904,18825.1,0.82744,0.17256
768800176,Existing Customer,41.0,M,0.0,Unknown,Divorced,$40K - $60K,Silver,37.0,2.0,3.0,5.0,4294.6,1915.0,2.08,1814.0,116.0,0.711,0.165,2379.6,0.887138,0.112862
768800177,Attrited Customer,35.0,M,2.0,Unknown,Single,$80K - $120K,Gold,37.0,3.0,2.0,3.0,30496.1,2001.0,3.352,12081.0,25.0,0.016,0.578,28495.1,0.071837,0.928163
768800178,Attrited Customer,38.0,F,3.0,College,Married,$60K - $80K,Silver,41.0,1.0,4.0,5.0,32011.7,1098.0,2.224,3823.0,116.0,1.866,0.754,30913.7,0.0743,0.9257
768800179,Existing Customer,27.0,F,2.0,Uneducated,Married,$80K - $120K,Silver,16.0,3.0,0.0,6.0,28615.3,712.0,3.056,16391.0,30.0,1.955,0.37,27903.3,0.891468,0.108532
768800180,Attrited Customer,55.0,F,4.0,High School,Married,$80K - $120K,Gold,27.0,6.0,1.0,2.0,20045.3,899.0,2.468,15822.0,11.0,2.434,0.868,19146.3,0.007342,0.992658
768800181,Attrited Customer,70.0,M,1.0,High School,Married,Less than $40K,Silver,20.0,5.0,5.0,6.0,19882.2,1718.0,0.433,4742.0,124.0,1.424,0.373,18164.2,0.105563,0.894437
768800182,Existing Customer,59.0,M,3.0,Uneducated,Divorced,$40K - $60K,Blue,43.0,4.0,2.0,1.0,34006.8,2170.0,2.378,16178.0,67.0,0.012,0.173,31836.8,0.918757,0.081243
768800183,Existing Customer,47.0,F,3.0,Doctorate,Married,$60K - $80K,Platinum,16.0,6.0,3.0,6.0,9638.1,1618.0,1.647,9438.0,65.0,2.493,0.584,8020.1,0.964897,0.035103
768800184,Existing Customer,46.0,M,3.0,College,Divorced,$120K +,Blue,35.0,5.0,3.0,1.0,3950.2,1294.0,3.124,17964.0,94.0,0.201,0.421,2656.2,0.844538,0.155462
768800185,Existing Customer,40.0,F,1.0,Uneducated,Unknown,Less than $40K,Gold,45.0,4.0,3.0,5.0,20025.9,1643.0,2.743,13628.0,45.0,3.205,0.015,18382.9,0.870562,0.129438
768800186,Existing Customer,32.0,M,1.0,Graduate,Unknown,Less than $40K,Silver,54.0,6.0,5.0,2.0,12313.6,177.0,0.354,1129.0,99.0,0.084,0.07,12136.6,0.988426,0.011574
768800187,Existing Customer,54.0,M,1.0,College,Single,$120K +,Blue,25.0,1.0,1.0,6.0,12100.3,1531.0,0.455,4153.0,65.0,1.963,0.195,10569.3,0.977195,0.022805
768800188,Existing Customer,53.0,F,2.0,College,Married,$120K +,Blue,13.0,5.0,5.0,0.0,1672.4,106.0,0.237,7764.0,45.0,3.311,0.769,1566.4,0.911591,0.088409
768800189,Existing Customer,26.0,M,3.0,Unknown,Unknown,Less than $40K,Platinum,44.0,2.0,1.0,3.0,21160.4,2415.0,1.677,4308.0,61.0,2.118,0.892,18745.4,0.895098,0.104902
768800190,Attrited Customer,45.0,F,2.0,Doctorate,Married,$60K - $80K,Silver,13.0,5.0,2.0,6.0,10171.7,2239.0,0.275,2890.0,10.0,2.251,0.546,7932.7,0.167958,0.832042
768800191,Existing Customer,39.0,F,2.0,College,Divorced,$80K - $120K,Silver,15.0,6.0,4.0,0.0,7652.0,1280.0,2.461,18090.0,49.0,2.522,0.106,6372.0,0.811758,0.188242
768800192,Existing Customer,34.0,F,1.0,Unknown,Divorced,Less than $40K,Gold,56.0,3.0,6.0,1.0,2775.4,941.0,1.878,16131.0,86.0,0.453,0.534,1834.4,0.978475,0.021525
768800193,Existing Customer,59.0,M,1.0,Uneducated,Married,$40K - $60K,Blue,50.0,1.0,1.0,0.0,13490.4,1843.0,2.842,8322.0,27.0,2.497,0.856,11647.4,0.96363,0.03637
768800194,Existing Customer,51.0,M,3.0,Unknown,Divorced,$40K - $60K,Gold,44.0,3.0,4.0,2.0,30512.5,1605.0,0.951,4375.0,25.0,3.257,0.749,28907.5,0.89125,0.10875
768800195,Existing Customer,56.0,F,4.0,Uneducated,Married,$80K - $120K,Silver,49.0,3.0,0.0,2.0,12574.4,1776.0,1.765,3778.0,95.0,3.605,0.291,10798.4,0.855888,0.144112
768800196,Existing Customer,60.0,M,1.0,High School,Married,$40K - $60K,Gold,16.0,6.0,0.0,4.0,23900.4,1298.0,0.399,16971.0,65.0,1.639,0.124,22602.4,0.868584,0.131416
768800197,Attrited Customer,73.0,M,5.0,Uneducated,Unknown,$60K - $80K,Blue,16.0,6.0,5.0,1.0,26463.1,594.0,3.008,6468.0,27.0,1.275,0.901,25869.1,0.029743,0.970257
768800198,Existing Customer,64.0,M,3.0,High School,Unknown,$40K - $60K,Platinum,26.0,4.0,5.0,1.0,12290.9,184.0,0.595,736.0,107.0,2.787,0.854,12106.9,0.944358,0.055642
768800199,Existing Customer,55.0,F,1.0,High School,Single,$80K - $120K,Blue,14.0,6.0,2.0,1.0,28616.2,713.0,0.348,7652.0,110.0,2.009,0.054,27903.2,0.911334,0.088666
768800200,Existing Customer,68.0,M,2.0,Unknown,Unknown,Less than $40K,Gold,52.0,3.0,4.0,6.0,24324.0,1332.0,0.697,8676.0,14.0,0.952,0.824,22992.0,0.846821,0.153179
768800201,Attrited Customer,48.0,M,0.0,Doctorate,Unknown,$40K - $60K,Gold,15.0,3.0,2.0,6.0,19936.6,1067.0,2.741,11709.0,36.0,0.637,0.097,18869.6,0.099665,0.900335
768800202,Existing Customer,73.0,F,0.0,Graduate,Unknown,$40K - $60K,Silver,36.0,6.0,1.0,1.0,1470.8,1275.0,0.36,6597.0,58.0,0.63,0.063,195.8,0.995846,0.004154
768800203,Existing Customer,62.0,M,2.0,Unknown,Married,$120K +,Blue,50.0,5.0,3.0,1.0,2598.7,699.0,2.089,17101.0,105.0,1.699,0.759,1899.7,0.824479,0.175521
768800204,Existing Customer,57.0,F,2.0,High School,Single,$120K +,Silver,45.0,4.0,2.0,0.0,34213.9,2361.0,2.537,12077.0,19.0,0.629,0.536,31852.9,0.891697,0.108303
768800205,Existing Customer,69.0,F,4.0,Graduate,Divorced,$60K - $80K,Platinum,23.0,3.0,5.0,6.0,27314.4,923.0,2.554,18243.0,114.0,0.073,0.415,26391.4,0.898832,0.101168
768800206,Existing Customer,50.0,F,0.0,Doctorate,Unknown,Less than $40K,Platinum,33.0,5.0,2.0,4.0,32450.8,2130.0,0.646,7107.0,51.0,0.193,0.904,30320.8,0.833359,0.166641
768800207,Existing Customer,60.0,F,5.0,Graduate,Unknown,$80K - $120K,Platinum,37.0,5.0,2.0,5.0,31284.4,984.0,0.21,12224.0,26.0,3.441,0.839,30300.4,0.906316,0.093684
768800208,Existing Customer,39.0,M,1.0,Doctorate,Single,$60K - $80K,Blue,46.0,3.0,3.0,2.0,2114.2,1116.0,1.526,7076.0,122.0,0.27,0.058,998.2,0.921195,0.078805
768800209,Existing Customer,72.0,M,0.0,Unknown,Married,$120K +,Gold,31.0,1.0,5.0,4.0,27630.7,1520.0,0.688,13091.0,21.0,0.271,0.616,26110.7,0.831469,0.168531
768800210,Existing Customer,55.0,M,4.0,High School,Unknown,$40K - $60K,Blue,25.0,1.0,1.0,0.0,16361.0,662.0,2.378,13913.0,26.0,1.669,0.772,15699.0,0.830945,0.169055
768800211,Existing Customer,63.0,M,4.0,High School,Single,$120K +,Gold,48.0,1.0,6.0,4.0,27555.0,553.0,1.213,6294.0,133.0,0.907,0.55,27002.0,0.97127,0.02873
768800212,Existing Customer,48.0,F,3.0,Unknown,Single,$120K +,Silver,52.0,3.0,3.0,4.0,1660.1,954.0,1.528,17364.0,77.0,3.562,0.983,706.1,0.862277,0.137723
768800213,Existing Customer,67.0,F,0.0,College,Unknown,$40K - $60K,Gold,34.0,4.0,4.0,2.0,10971.1,2025.0,0.386,15917.0,70.0,3.371,0.686,8946.1,0.926067,0.073933
768800214,Existing Customer,29.0,F,0.0,College,Divorced,$80K - $120K,Gold,14.0,5.0,6.0,4.0,26290.3,364.0,1.93,16588.0,99.0,1.498,0.104,25926.3,0.925355,0.074645
768800215,Existing Customer,31.0,F,2.0,Uneducated,Single,$40K - $60K,Platinum,35.0,2.0,3.0,4.0,27669.5,1101.0,0.631,4424.0,91.0,1.66,0.198,26568.5,0.967834,0.032166
768800216,Existing Customer,50.0,F,2.0,Uneducated,Married,$40K - $60K,Silver,52.0,5.0,1.0,3.0,21936.9,1692.0,2.309,13413.0,89.0,1.388,0.826,20244.9,0.947979,0.052021
768800217,Existing Customer,61.0,M,5.0,Doctorate,Single,$40K - $60K,Silver,56.0,4.0,5.0,1.0,11403.0,1778.0,0.242,2422.0,13.0,0.14,0.997,9625.0,0.968115,0.031885
768800218,Attrited Customer,64.0,M,1.0,College,Unknown,$80K - $120K,Gold,30.0,1.0,0.0,0.0,11704.2,1093.0,3.318,2406.0,81.0,1.084,0.098,10611.2,0.039099,0.960901
768800219,Existing Customer,47.0,F,1.0,High School,Single,$40K - $60K,Blue,19.0,3.0,3.0,6.0,33416.6,205.0,2.327,18004.0,46.0,0.454,0.1,33211.6,0.889891,0.110109
768800220,Existing Customer,57.0,M,5.0,College,Divorced,$80K - $120K,Blue,38.0,2.0,6.0,1.0,15966.3,40.0,0.618,3258.0,114.0,0.379,0.763,15926.3,0.878713,0.121287
768800221,Existing Customer,52.0,F,0.0,Doctorate,Single,$60K - $80K,Gold,49.0,6.0,2.0,2.0,16228.0,1183.0,0.048,16042.0,75.0,2.075,0.064,15045.0,0.875806,0.124194
768800222,Existing Customer,72.0,F,0.0,High School,Unknown,$80K - $120K,Platinum,54.0,6.0,4.0,4.0,19708.1,2039.0,1.137,8253.0,26.0,0.365,0.069,17669.1,0.883679,0.116321
768800223,Attrited Customer,57.0,F,2.0,Uneducated,Unknown,$120K +,Gold,15.0,5.0,3.0,1.0,14983.5,71.0,0.52,5968.0,125.0,0.381,0.889,14912.5,0.029187,0.970813
768800224,Existing Customer,46.0,F,2.0,Doctorate,Divorced,Less than $40K,Platinum,25.0,4.0,1.0,2.0,19719.3,2234.0,0.743,1831.0,46.0,1.778,0.8,17485.3,0.884792,0.115208
768800225,Attrited Customer,72.0,F,3.0,College,Unknown,$120K +,Blue,34.0,3.0,2.0,4.0,15738.8,1701.0,2.967,12646.0,45.0,1.636,0.882,14037.8,0.022686,0.977314
768800226,Existing Customer,31.0,F,5.0,High School,Divorced,Less than $40K,Silver,17.0,2.0,3.0,4.0,28784.1,20.0,2.051,13475.0,131.0,0.509,0.651,28764.1,0.806914,0.193086
768800227,Existing Customer,73.0,F,5.0,High School,Single,$60K - $80K,Gold,51.0,5.0,0.0,4.0,31507.6,865.0,0.6,8904.0,110.0,0.016,0.323,30642.6,0.855026,0.144974
768800228,Existing Customer,33.0,M,1.0,College,Divorced,$40K - $60K,Silver,17.0,1.0,2.0,0.0,32270.3,555.0,1.893,15068.0,121.0,0.714,0.906,31715.3,0.950381,0.049619
768800229,Existing Customer,39.0,M,5.0,Uneducated,Unknown,$80K - $120K,Blue,42.0,2.0,2.0,3.0,20103.8,2390.0,0.87,6318.0,96.0,0.873,0.299,17713.8,0.915589,0.084411
768800230,Existing Customer,65.0,F,3.0,Unknown,Unknown,$80K - $120K,Blue,53.0,1.0,5.0,3.0,16063.4,1396.0,3.319,10426.0,128.0,2.961,0.276,14667.4,0.961233,0.038767
768800231,Existing Customer,61.0,F,0.0,College,Married,$120K +,Platinum,43.0,3.0,0.0,4.0,24765.9,816.0,0.111,5664.0,24.0,3.387,0.886,23949.9,0.908538,0.091462
768800232,Attrited Customer,72.0,F,5.0,Unknown,Divorced,$60K - $80K,Gold,46.0,2.0,5.0,1.0,29168.1,700.0,2.49,10975.0,87.0,1.502,0.681,28468.1,0.1637,0.8363
768800233,Existing Customer,61.0,F,0.0,Graduate,Married,$120K +,Silver,24.0,2.0,2.0,1.0,20060.3,1419.0,2.628,2955.0,48.0,1.499,0.896,18641.3,0.959213,0.040787
768800234,Attrited Customer,56.0,F,3.0,Uneducated,Divorced,$40K - $60K,Silver,49.0,3.0,4.0,5.0,24592.0,12.0,0.228,9069.0,61.0,2.636,0.156,24580.0,0.070417,0.929583
768800235,Existing Customer,42.0,F,4.0,High School,Divorced,$40K - $60K,Blue,31.0,6.0,3.0,4.0,26237.5,648.0,0.584,10383.0,40.0,2.32,0.952,25589.5,0.995401,0.004599
768800236,Existing Customer,26.0,F,1.0,College,Single,$40K - $60K,Platinum,15.0,4.0,2.0,5.0,23811.8,416.0,1.307,10513.0,36.0,0.681,0.613,23395.8,0.802949,0.197051
768800237,Existing Customer,31.0,M,1.0,Graduate,Unknown,$60K - $80K,Blue,29.0,5.0,6.0,1.0,26118.6,1561.0,2.952,8537.0,67.0,0.398,0.668,24557.6,0.919368,0.080632
768800238,Existing Customer,40.0,M,2.0,Uneducated,Unknown,$80K - $120K,Platinum,28.0,6.0,1.0,6.0,8339.6,1685.0,1.826,12078.0,129.0,1.619,0.914,6654.6,0.958502,0.041498
768800239,Existing Customer,27.0,M,5.0,Uneducated,Married,$120K +,Blue,35.0,6.0,0.0,1.0,17923.2,1176.0,2.228,9716.0,92.0,2.09,0.381,16747.2,0.866379,0.133621
768800240,Existing Customer,50.0,M,1.0,Graduate,Married,$40K - $60K,Silver,24.0,3.0,5.0,4.0,20896.7,352.0,2.662,5601.0,55.0,0.513,0.72,20544.7,0.919714,0.080286
768800241,Existing Customer,63.0,F,3.0,High School,Married,$40K - $60K,Silver,33.0,6.0,4.0,1.0,1520.0,933.0,2.816,4381.0,66.0,1.085,0.64,587.0,0.872425,0.127575
768800242,Existing Customer,72.0,M,2.0,College,Unknown,$120K +,Platinum,31.0,6.0,6.0,6.0,29751.5,2122.0,1.619,12152.0,78.0,1.132,0.788,27629.5,0.812123,0.187877
768800243,Existing Customer,49.0,M,0.0,Unknown,Divorced,$60K - $80K,Blue,27.0,6.0,3.0,2.0,21616.4,512.0,1.73,17381.0,41.0,0.967,0.897,21104.4,0.801692,0.198308
768800244,Existing Customer,68.0,M,4.0,Graduate,Divorced,$40K - $60K,Silver,43.0,3.0,0.0,5.0,5709.6,411.0,2.441,14048.0,77.0,1.705,0.68,5298.6,0.818972,0.181028
768800245,Attrited Customer,73.0,F,4.0,Uneducated,Unknown,$120K +,Silver,26.0,2.0,0.0,2.0,28441.5,280.0,0.895,11988.0,100.0,2.416,0.068,28161.5,0.018234,0.981766
768800246,Existing Customer,67.0,F,3.0,Graduate,Unknown,$60K - $80K,Silver,46.0,4.0,3.0,5.0,25156.8,2056.0,2.905,17074.0,41.0,1.885,0.183,23100.8,0.922178,0.077822
768800247,Existing Customer,48.0,M,1.0,Doctorate,Married,$120K +,Blue,24.0,6.0,1.0,3.0,26521.0,301.0,0.071,16680.0,85.0,0.745,0.954,26220.0,0.905173,0.094827
768800248,Existing Customer,41.0,F,0.0,Uneducated,Married,$120K +,Platinum,51.0,6.0,6.0,0.0,14406.0,1464.0,0.666,9613.0,102.0,0.381,0.969,12942.0,0.891093,0.108907
768800249,Existing Customer,72.0,F,2.0,Unknown,Single,$120K +,Silver,29.0,4.0,0.0,1.0,29693.3,2515.0,2.721,2474.0,77.0,3.041,0.967,27178.3,0.938384,0.061616
768800250,Existing Customer,37.0,F,3.0,Graduate,Single,$60K - $80K,Silver,14.0,1.0,6.0,4.0,15133.2,1616.0,1.157,11911.0,47.0,1.773,0.037,13517.2,0.803365,0.196635
768800251,Attrited Customer,45.0,F,3.0,High School,Divorced,$80K - $120K,Silver,19.0,3.0,1.0,1.0,20309.3,1038.0,0.509,11705.0,82.0,0.23,0.382,19271.3,0.040944,0.959056
768800252,Existing Customer,29.0,F,1.0,College,Married,$120K +,Platinum,48.0,5.0,0.0,1.0,1459.2,520.0,0.635,5495.0,113.0,0.955,0.76,939.2,0.955479,0.044521
768800253,Existing Customer,64.0,M,3.0,College,Single,$40K - $60K,Silver,51.0,4.0,1.0,3.0,22769.1,4.0,1.805,15779.0,38.0,2.975,0.753,22765.1,0.981995,0.018005
768800254,Existing Customer,57.0,F,1.0,Unknown,Married,Less than $40K,Silver,22.0,3.0,1.0,1.0,25193.8,391.0,2.877,16147.0,84.0,2.781,0.086,24802.8,0.887667,0.112333
768800255,Existing Customer,30.0,M,4.0,Unknown,Married,$40K - $60K,Silver,39.0,3.0,2.0,0.0,20196.8,2399.0,0.24,6458.0,98.0,3.241,0.609,17797.8,0.816297,0.183703
768800256,Existing Customer,36.0,M,4.0,Unknown,Married,$80K - $120K,Silver,38.0,1.0,2.0,4.0,17863.2,361.0,0.104,9081.0,51.0,2.228,0.143,17502.2,0.959746,0.040254
768800257,Existing Customer,52.0,F,3.0,College,Married,$60K - $80K,Blue,18.0,2.0,3.0,4.0,28229.1,50.0,1.582,4017.0,60.0,1.565,0.493,28179.1,0.977034,0.022966
768800258,Existing Customer,51.0,F,0.0,Uneducated,Divorced,Less than $40K,Gold,32.0,5.0,3.0,5.0,23976.4,2054.0,3.251,3715.0,125.0,1.579,0.24,21922.4,0.882732,0.117268
768800259,Existing Customer,64.0,F,5.0,Uneducated,Single,$60K - $80K,Blue,43.0,2.0,0.0,6.0,10636.1,1053.0,0.949,5273.0,57.0,0.718,0.053,9583.1,0.848671,0.151329
768800260,Existing Customer,38.0,M,0.0,High School,Single,Less than $40K,Blue,55.0,6.0,0.0,0.0,33162.2,898.0,3.261,7085.0,87.0,2.408,0.08,32264.2,0.808794,0.191206
768800261,Existing Customer,70.0,M,5.0,Uneducated,Single,$60K - $80K,Blue,50.0,1.0,1.0,2.0,24833.0,1806.0,3.018,5415.0,29.0,2.165,0.911,23027.0,0.918217,0.081783
768800262,Existing Customer,47.0,M,0.0,Uneducated,Divorced,$60K - $80K,Silver,17.0,4.0,1.0,1.0,34117.0,1316.0,0.963,3235.0,130.0,0.573,0.745,32801.0,0.981974,0.018026
768800263,Existing Customer,65.0,F,3.0,High School,Unknown,$80K - $120K,Platinum,23.0,3.0,0.0,6.0,33565.4,2302.0,2.778,8548.0,87.0,3.277,0.932,31263.4,0.935578,0.064422
768800264,Attrited Customer,37.0,F,0.0,Graduate,Divorced,$60K - $80K,Gold,32.0,5.0,2.0,3.0,31833.7,1177.0,2.332,11718.0,108.0,1.363,0.47,30656.7,0.090657,0.909343
768800265,Existing Customer,27.0,F,0.0,College,Divorced,$60K - $80K,Platinum,19.0,6.0,3.0,0.0,26424.2,1795.0,1.74,6369.0,88.0,0.184,0.413,24629.2,0.928578,0.071422
768800266,Existing Customer,28.0,F,4.0,Uneducated,Divorced,$80K - $120K,Silver,38.0,4.0,2.0,4.0,21596.7,2212.0,1.438,10100.0,56.0,1.213,0.358,19384.7,0.966414,0.033586
768800267,Existing Customer,43.0,M,4.0,Unknown,Divorced,$80K - $120K,Platinum,13.0,4.0,2.0,0.0,7133.1,1167.0,2.773,5386.0,54.0,3.218,0.616,5966.1,0.895166,0.104834
768800268,Existing Customer,71.0,M,0.0,Uneducated,Married,$120K +,Blue,17.0,5.0,3.0,1.0,19411.0,715.0,2.696,13161.0,101.0,3.393,0.352,18696.0,0.96395,0.03605
768800269,Existing Customer,28.0,M,5.0,Unknown,Unknown,$40K - $60K,Gold,15.0,4.0,3.0,5.0,26755.1,2453.0,2.574,12167.0,121.0,1.814,0.746,24302.1,0.878382,0.121618
768800270,Existing Customer,43.0,M,1.0,College,Married,$60K - $80K,Platinum,26.0,2.0,2.0,3.0,18666.9,571.0,3.394,17767.0,26.0,3.538,0.801,18095.9,0.869701,0.130299
768800271,Existing Customer,31.0,M,1.0,High School,Single,$40K - $60K,Gold,46.0,3.0,1.0,5.0,30157.6,99.0,1.627,1463.0,119.0,3.238,0.876,30058.6,0.916598,0.083402
768800272,Existing Customer,70.0,M,1.0,Graduate,Divorced,$60K - $80K,Platinum,20.0,2.0,2.0,3.0,5065.2,1455.0,2.744,15845.0,117.0,3.053,0.243,3610.2,0.892937,0.107063
768800273,Existing Customer,58.0,M,2.0,Doctorate,Single,Less than $40K,Silver,56.0,3.0,0.0,5.0,14038.7,2484.0,2.932,6628.0,24.0,3.181,0.527,11554.7,0.995422,0.004578
768800274,Existing Customer,62.0,F,1.0,College,Married,$60K - $80K,Blue,24.0,4.0,3.0,3.0,18174.3,217.0,0.719,1697.0,24.0,1.413,0.223,17957.3,0.903278,0.096722
768800275,Existing Customer,60.0,M,2.0,Graduate,Unknown,Less than $40K,Platinum,14.0,2.0,6.0,0.0,15738.5,2138.0,0.143,12908.0,100.0,2.799,0.038,13600.5,0.877034,0.122966
768800276,Existing Customer,57.0,M,1.0,College,Married,$60K - $80K,Blue,27.0,2.0,2.0,0.0,5029.8,2091.0,1.376,3596.0,119.0,2.136,0.708,2938.8,0.878987,0.121013
768800277,Existing Customer,63.0,M,0.0,Unknown,Married,$120K +,Platinum,45.0,5.0,0.0,5.0,6516.4,2339.0,2.913,3670.0,61.0,2.663,0.549,4177.4,0.909588,0.090412
768800278,Attrited Customer,26.0,M,2.0,Uneducated,Unknown,$120K +,Gold,17.0,3.0,4.0,0.0,29144.7,1061.0,0.983,18119.0,93.0,0.658,0.724,28083.7,0.149984,0.850016
768800279,Attrited Customer,67.0,F,4.0,High School,Divorced,$60K - $80K,Platinum,16.0,2.0,0.0,2.0,17460.5,641.0,2.38,4481.0,139.0,2.706,0.088,16819.5,0.011866,0.988134
768800280,Existing Customer,61.0,M,4.0,Graduate,Married,Less than $40K,Silver,50.0,5.0,1.0,0.0,3049.6,1289.0,0.025,10345.0,51.0,3.543,0.996,1760.6,0.876133,0.123867
768800281,Existing Customer,61.0,M,2.0,Unknown,Unknown,$40K - $60K,Platinum,39.0,5.0,1.0,2.0,1983.5,358.0,1.208,4116.0,39.0,1.12,0.994,1625.5,0.876829,0.123171
768800282,Existing Customer,44.0,M,1.0,Doctorate,Unknown,Less than $40K,Blue,28.0,5.0,6.0,4.0,17099.6,2122.0,2.093,2738.0,138.0,3.649,0.465,14977.6,0.923395,0.076605
768800283,Existing Customer,64.0,F,4.0,Unknown,Married,$80K - $120K,Silver,46.0,5.0,6.0,1.0,6875.3,1670.0,0.441,526.0,46.0,1.4,0.866,5205.3,0.812169,0.187831
768800284,Existing Customer,44.0,F,4.0,Unknown,Single,$120K +,Blue,50.0,6.0,3.0,3.0,24762.2,1217.0,3.048,798.0,71.0,0.739,0.244,23545.2,0.931071,0.068929
768800285,Existing Customer,28.0,M,4.0,High School,Single,$60K - $80K,Platinum,28.0,4.0,4.0,6.0,27745.7,1298.0,0.531,9025.0,67.0,0.415,0.738,26447.7,0.900994,0.099006
768800286,Existing Customer,69.0,M,5.0,Graduate,Married,Less than $40K,Gold,37.0,2.0,4.0,0.0,8989.6,1793.0,3.093,8311.0,78.0,2.904,0.879,7196.6,0.890605,0.109395
768800287,Existing Customer,37.0,M,4.0,High School,Married,Less than $40K,Platinum,13.0,6.0,4.0,0.0,21026.0,1317.0,0.736,1210.0,44.0,2.053,0.815,19709.0,0.943851,0.056149
768800288,Existing Customer,30.0,M,5.0,High School,Married,$120K +,Platinum,26.0,2.0,3.0,1.0,6546.7,2114.0,3.381,6793.0,98.0,1.136,0.812,4432.7,0.951651,0.048349
768800289,Existing Customer,55.0,F,2.0,Unknown,Married,$40K - $60K,Silver,39.0,2.0,6.0,5.0,11479.9,2328.0,2.056,5416.0,99.0,2.251,0.463,9151.9,0.969252,0.030748
768800290,Existing Customer,37.0,F,2.0,Unknown,Single,Less than $40K,Blue,21.0,5.0,5.0,2.0,30837.6,2391.0,0.287,10779.0,36.0,1.229,0.82,28446.6,0.874961,0.125039
768800291,Existing Customer,67.0,F,1.0,High School,Single,Less than $40K,Platinum,56.0,6.0,0.0,4.0,19435.7,1561.0,0.222,18391.0,72.0,1.659,0.691,17874.7,0.865408,0.134592
768800292,Attrited Customer,47.0,M,1.0,Doctorate,Married,$40K - $60K,Silver,55.0,3.0,2.0,0.0,30741.4,1869.0,0.255,12942.0,17.0,3.192,0.132,28872.4,0.18156,0.81844
768800293,Existing Customer,26.0,M,4.0,College,Single,$80K - $120K,Blue,24.0,5.0,6.0,5.0,8888.7,783.0,2.006,17018.0,38.0,2.472,0.114,8105.7,0.916361,0.083639
768800294,Attrited Customer,71.0,M,4.0,High School,Married,$120K +,Platinum,30.0,6.0,2.0,0.0,12354.5,95.0,2.753,3965.0,138.0,2.821,0.772,12259.5,0.026335,0.973665
768800295,Attrited Customer,50.0,M,4.0,Unknown,Unknown,$40K - $60K,Platinum,21.0,5.0,1.0,4.0,17016.2,1007.0,1.37,4375.0,75.0,2.159,0.625,16009.2,0.159203,0.840797
768800296,Attrited Customer,38.0,F,1.0,Unknown,Married,$80K - $120K,Silver,35.0,1.0,6.0,1.0,17318.1,2194.0,1.512,14005.0,90.0,3.668,0.519,15124.1,0.160899,0.839101
768800297,Existing Customer,58.0,M,2.0,College,Unknown,Less than $40K,Platinum,18.0,4.0,4.0,6.0,34438.2,336.0,2.004,6082.0,125.0,0.893,0.907,34102.2,0.838008,0.161992
768800298,Existing Customer,51.0,M,1.0,Doctorate,Divorced,Less than $40K,Blue,30.0,2.0,3.0,2.0,5223.6,1374.0,1.812,15766.0,102.0,0.97,0.66,3849.6,0.911142,0.088858
768800299,Existing Customer,27.0,F,5.0,Uneducated,Unknown,Less than $40K,Blue,37.0,6.0,2.0,1.0,29619.3,484.0,2.339,8845.0,113.0,0.342,0.396,29135.3,0.83162,0.16838
768800300,Existing Customer,62.0,M,1.0,Doctorate,Divorced,$120K +,Silver,39.0,1.0,0.0,2.0,30006.9,1080.0,1.604,4119.0,102.0,2.05,0.414,28926.9,0.88145,0.11855
768800301,Existing Customer,45.0,M,0.0,Uneducated,Single,$60K - $80K,Gold,39.0,6.0,2.0,0.0,19736.7,360.0,2.427,15688.0,74.0,2.269,0.605,19376.7,0.932799,0.067201
768800302,Existing Customer,59.0,M,3.0,Unknown,Divorced,$120K +,Blue,22.0,2.0,3.0,1.0,12818.1,1850.0,3.391,10404.0,92.0,2.686,0.76,10968.1,0.898614,0.101386
768800303,Existing Customer,68.0,M,5.0,High School,Single,Less than $40K,Blue,47.0,3.0,6.0,4.0,18613.0,2040.0,1.191,14937.0,47.0,1.241,0.564,16573.0,0.875918,0.124082
768800304,Attrited Customer,55.0,M,5.0,Graduate,Married,Less than $40K,Gold,43.0,2.0,2.0,2.0,11112.2,1909.0,0.042,8639.0,125.0,0.045,0.509,9203.2,0.144506,0.855494
768800305,Existing Customer,58.0,M,0.0,Unknown,Single,$120K +,Platinum,46.0,5.0,1.0,2.0,27870.9,1774.0,0.427,2779.0,33.0,2.339,0.727,26096.9,0.954565,0.045435
768800306,Existing Customer,38.0,M,1.0,Graduate,Single,Less than $40K,Gold,33.0,3.0,2.0,5.0,17920.1,592.0,1.882,12751.0,124.0,3.695,0.705,17328.1,0.905258,0.094742
768800307,Existing Customer,37.0,M,0.0,Graduate,Married,Less than $40K,Platinum,52.0,5.0,6.0,0.0,32063.0,1335.0,1.17,2746.0,124.0,1.09,0.83,30728.0,0.990011,0.009989
768800308,Existing Customer,45.0,M,1.0,Doctorate,Married,$60K - $80K,Platinum,30.0,1.0,3.0,2.0,22035.4,263.0,3.196,12432.0,28.0,0.681,0.063,21772.4,0.884873,0.115127
768800309,Existing Customer,66.0,F,3.0,Graduate,Unknown,$80K - $120K,Gold,48.0,3.0,2.0,1.0,18450.7,942.0,2.133,8000.0,102.0,1.043,0.755,17508.7,0.957615,0.042385
768800310,Existing Customer,51.0,M,1.0,College,Divorced,$40K - $60K,Gold,21.0,6.0,4.0,3.0,24958.8,1273.0,1.769,14737.0,138.0,1.574,0.514,23685.8,0.833587,0.166413
768800311,Existing Customer,42.0,F,0.0,Graduate,Single,$60K - $80K,Platinum,23.0,6.0,4.0,2.0,18107.1,1683.0,2.713,16149.0,84.0,0.928,0.075,16424.1,0.857158,0.142842
768800312,Existing Customer,63.0,F,3.0,Graduate,Unknown,$80K - $120K,Silver,36.0,2.0,2.0,0.0,31357.3,243.0,0.879,7832.0,54.0,1.284,0.679,31114.3,0.867617,0.132383
768800313,Existing Customer,66.0,M,0.0,Unknown,Married,$60K - $80K,Blue,37.0,3.0,6.0,0.0,7539.1,2046.0,2.787,16365.0,124.0,2.361,0.717,5493.1,0.821164,0.178836
768800314,Existing Customer,69.0,F,1.0,Graduate,Single,$40K - $60K,Platinum,45.0,3.0,4.0,5.0,33634.4,1155.0,0.01,2503.0,76.0,1.277,0.524,32479.4,0.900361,0.099639
768800315,Existing Customer,40.0,M,0.0,High School,Unknown,Less than $40K,Silver,26.0,4.0,0.0,0.0,28303.6,2218.0,2.107,2439.0,25.0,1.465,0.794,26085.6,0.838452,0.161548
768800316,Existing Customer,60.0,M,0.0,Doctorate,Divorced,$60K - $80K,Platinum,51.0,4.0,2.0,5.0,29909.3,1328.0,3.178,18368.0,42.0,0.148,0.3,28581.3,0.926837,0.073163
768800317,Existing Customer,54.0,M,2.0,Unknown,Single,$120K +,Silver,27.0,1.0,6.0,6.0,17411.6,1377.0,2.679,10832.0,98.0,3.396,0.202,16034.6,0.838018,0.161982
768800318,Existing Customer,47.0,M,5.0,High School,Single,$80K - $120K,Platinum,36.0,5.0,2.0,3.0,29131.0,1743.0,2.902,8611.0,69.0,1.505,0.351,27388.0,0.824701,0.175299
768800319,Attrited Customer,45.0,M,4.0,Doctorate,Married,$120K +,Blue,54.0,2.0,3.0,2.0,11585.5,2064.0,1.35,3308.0,38.0,1.214,0.41,9521.5,0.120065,0.879935
768800320,Attrited Customer,31.0,M,0.0,College,Married,Less than $40K,Gold,36.0,2.0,4.0,5.0,26641.7,396.0,2.802,5704.0,113.0,0.32,0.696,26245.7,0.04618,0.95382
768800321,Existing Customer,39.0,F,0.0,Doctorate,Married,Less than $40K,Silver,43.0,6.0,4.0,6.0,6083.8,1287.0,1.873,12843.0,25.0,2.346,0.846,4796.8,0.98729,0.01271
768800322,Existing Customer,52.0,M,2.0,High School,Unknown,$60K - $80K,Silver,52.0,5.0,6.0,0.0,11594.7,75.0,2.103,15280.0,38.0,3.196,0.721,11519.7,0.897978,0.102022
768800323,Existing Customer,68.0,F,3.0,Unknown,Divorced,Less than $40K,Silver,55.0,3.0,1.0,6.0,16181.9,1194.0,0.2,16982.0,70.0,0.152,0.174,14987.9,0.80668,0.19332
768800324,Attrited Customer,67.0,F,4.0,College,Single,$60K - $80K,Platinum,34.0,6.0,3.0,6.0,12099.7,2048.0,0.685,7839.0,15.0,0.538,0.366,10051.7,0.119515,0.880485
768800325,Existing Customer,35.0,F,4.0,Unknown,Unknown,$120K +,Silver,31.0,3.0,3.0,0.0,14239.8,2179.0,1.873,8684.0,60.0,0.542,0.158,12060.8,0.911666,0.088334
768800326,Existing Customer,58.0,M,2.0,Uneducated,Married,$40K - $60K,Platinum,21.0,4.0,1.0,0.0,28565.4,713.0,0.2,3445.0,128.0,2.228,0.687,27852.4,0.802995,0.197005
768800327,Existing Customer,30.0,F,1.0,Unknown,Married,$60K - $80K,Silver,36.0,2.0,4.0,5.0,9928.3,972.0,2.521,2003.0,132.0,3.409,0.248,8956.3,0.972248,0.027752
768800328,Existing Customer,58.0,F,0.0,College,Single,$80K - $120K,Blue,53.0,2.0,0.0,0.0,26090.4,1388.0,2.856,8380.0,123.0,1.62,0.525,24702.4,0.923994,0.076006
768800329,Existing Customer,42.0,F,0.0,High School,Unknown,Less than $40K,Platinum,34.0,3.0,3.0,4.0,3876.2,996.0,3.129,10922.0,52.0,1.272,0.792,2880.2,0.948938,0.051062
768800330,Existing Customer,47.0,M,0.0,Unknown,Divorced,$120K +,Blue,28.0,4.0,2.0,0.0,26767.1,448.0,0.346,2385.0,18.0,2.834,0.671,26319.1,0.898784,0.101216
768800331,Existing Customer,60.0,F,5.0,Doctorate,Unknown,$40K - $60K,Silver,17.0,5.0,1.0,4.0,27636.5,767.0,3.195,7853.0,115.0,2.748,0.298,26869.5,0.92368,0.07632
768800332,Existing Customer,46.0,F,1.0,Graduate,Married,$120K +,Platinum,30.0,3.0,5.0,1.0,14725.4,1017.0,0.23,12042.0,58.0,0.913,0.333,13708.4,0.851494,0.148506
768800333,Attrited Customer,64.0,M,4.0,College,Unknown,$80K - $120K,Platinum,23.0,6.0,1.0,0.0,25336.1,1306.0,1.612,15085.0,107.0,0.595,0.653,24030.1,0.093898,0.906102
768800334,Existing Customer,51.0,M,3.0,Uneducated,Married,Less than $40K,Platinum,55.0,4.0,1.0,0.0,31708.9,2318.0,2.857,17379.0,25.0,1.324,0.549,29390.9,0.880144,0.119856
768800335,Existing Customer,73.0,M,3.0,College,Married,$80K - $120K,Silver,36.0,1.0,5.0,1.0,27924.0,1371.0,0.239,6627.0,96.0,2.87,0.096,26553.0,0.832465,0.167535
768800336,Existing Customer,56.0,F,2.0,Unknown,Divorced,Less than $40K,Platinum,19.0,5.0,6.0,3.0,14353.2,974.0,0.062,7551.0,86.0,2.572,0.874,13379.2,0.811183,0.188817
768800337,Existing Customer,40.0,M,4.0,Unknown,Married,$60K - $80K,Silver,15.0,4.0,0.0,0.0,17454.8,1663.0,0.085,16236.0,129.0,2.464,0.513,15791.8,0.927234,0.072766
768800338,Existing Customer,63.0,M,0.0,Graduate,Unknown,$120K +,Gold,50.0,3.0,1.0,5.0,27217.6,1946.0,1.738,12971.0,23.0,3.069,0.473,25271.6,0.996676,0.003324
768800339,Attrited Customer,45.0,F,0.0,Unknown,Unknown,$120K +,Gold,53.0,3.0,4.0,4.0,11116.4,1084.0,2.759,5429.0,63.0,1.025,0.198,10032.4,0.142762,0.857238
768800340,Existing Customer,51.0,M,2.0,Uneducated,Divorced,$120K +,Blue,46.0,2.0,5.0,2.0,28028.8,1231.0,0.433,12825.0,138.0,1.257,0.377,26797.8,0.940421,0.059579
768800341,Attrited Customer,32.0,M,2.0,Doctorate,Single,$60K - $80K,Silver,18.0,4.0,6.0,6.0,12289.9,548.0,0.424,3341.0,60.0,0.157,0.333,11741.9,0.181119,0.818881
768800342,Existing Customer,31.0,F,3.0,Doctorate,Married,$60K - $80K,Silver,17.0,4.0,3.0,4.0,28098.6,2177.0,1.933,8581.0,95.0,3.214,0.271,25921.6,0.944566,0.055434
768800343,Existing Customer,53.0,F,4.0,Uneducated,Divorced,$40K - $60K,Silver,21.0,3.0,0.0,4.0,4309.2,2182.0,0.797,6018.0,30.0,2.155,0.567,2127.2,0.86785,0.13215
768800344,Existing Customer,34.0,F,3.0,Uneducated,Divorced,$120K +,Silver,46.0,2.0,6.0,1.0,2906.6,440.0,2.483,18352.0,104.0,1.103,0.462,2466.6,0.920244,0.079756
768800345,Existing Customer,73.0,F,1.0,Uneducated,Unknown,$60K - $80K,Gold,46.0,3.0,1.0,4.0,34439.1,871.0,3.229,1137.0,45.0,0.257,0.889,33568.1,0.815953,0.184047
768800346,Attrited Customer,67.0,M,1.0,Unknown,Divorced,$80K - $120K,Blue,49.0,3.0,0.0,3.0,30197.9,684.0,2.605,15910.0,84.0,2.677,0.941,29513.9,0.190941,0.809059
768800347,Existing Customer,59.0,F,4.0,Uneducated,Married,$40K - $60K,Blue,17.0,3.0,4.0,6.0,30640.8,2323.0,2.982,5565.0,124.0,2.77,0.219,28317.8,0.883508,0.116492
768800348,Existing Customer,61.0,F,1.0,Graduate,Married,$80K - $120K,Platinum,19.0,2.0,4.0,3.0,32904.4,164.0,1.767,1161.0,95.0,2.465,0.1,32740.4,0.840364,0.159636
768800349,Existing Customer,54.0,M,3.0,Uneducated,Unknown,$40K - $60K,Silver,52.0,4.0,0.0,4.0,15936.6,522.0,2.83,12375.0,71.0,0.754,0.785,15414.6,0.9907,0.0093
768800350,Existing Customer,28.0,M,3.0,Graduate,Married,$80K - $120K,Gold,53.0,2.0,1.0,2.0,10925.9,792.0,0.622,12697.0,34.0,3.379,0.995,10133.9,0.99912,0.00088
768800351,Existing Customer,44.0,M,4.0,Uneducated,Unknown,Less than $40K,Gold,44.0,4.0,4.0,0.0,5739.0,1410.0,0.232,3067.0,54.0,2.787,0.864,4329.0,0.874187,0.125813
768800352,Existing Customer,49.0,M,4.0,High School,Married,Less than $40K,Gold,17.0,1.0,1.0,0.0,18017.0,626.0,2.23,1198.0,120.0,2.434,0.024,17391.0,0.941846,0.058154
768800353,Existing Customer,69.0,M,2.0,High School,Divorced,$40K - $60K,Silver,16.0,3.0,4.0,6.0,8716.8,1351.0,0.177,2511.0,38.0,2.408,0.251,7365.8,0.881554,0.118446
768800354,Existing Customer,36.0,M,1.0,Doctorate,Unknown,$60K - $80K,Silver,15.0,5.0,2.0,5.0,32384.2,1881.0,3.034,7859.0,95.0,3.346,0.043,30503.2,0.827902,0.172098
768800355,Existing Customer,49.0,F,2.0,High School,Single,$80K - $120K,Platinum,43.0,5.0,4.0,2.0,1570.4,2086.0,2.351,2889.0,73.0,3.435,0.821,-515.6,0.867385,0.132615
768800356,Existing Customer,42.0,M,2.0,College,Married,$40K - $60K,Platinum,50.0,5.0,3.0,4.0,6174.7,249.0,3.237,13147.0,51.0,2.204,0.581,5925.7,0.846674,0.153326
768800357,Existing Customer,32.0,F,1.0,Doctorate,Unknown,Less than $40K,Silver,40.0,5.0,2.0,0.0,9590.9,349.0,1.067,1903.0,103.0,1.542,0.514,9241.9,0.865616,0.134384
768800358,Existing Customer,30.0,F,3.0,Doctorate,Married,$40K - $60K,Gold,24.0,1.0,2.0,0.0,8019.1,239.0,1.653,14690.0,57.0,1.346,0.554,7780.1,0.843004,0.156996
768800359,Existing Customer,43.0,F,1.0,Uneducated,Divorced,$60K - $80K,Platinum,46.0,3.0,4.0,3.0,8906.3,2291.0,2.522,16231.0,47.0,3.031,0.252,6615.3,0.822469,0.177531
768800360,Attrited Customer,29.0,F,3.0,Graduate,Unknown,$60K - $80K,Blue,15.0,4.0,3.0,4.0,23138.7,1641.0,0.825,13395.0,78.0,2.385,0.602,21497.7,0.069639,0.930361
768800361,Existing Customer,29.0,M,4.0,Unknown,Divorced,$80K - $120K,Platinum,49.0,5.0,4.0,6.0,12271.4,1338.0,1.842,17480.0,108.0,0.286,0.031,10933.4,0.981151,0.018849
768800362,Existing Customer,42.0,F,5.0,Unknown,Married,$40K - $60K,Silver,52.0,4.0,4.0,5.0,21781.8,1991.0,2.242,17392.0,122.0,0.526,0.646,19790.8,0.817044,0.182956
768800363,Existing Customer,35.0,M,0.0,College,Unknown,$80K - $120K,Platinum,44.0,6.0,1.0,1.0,30886.0,1475.0,3.328,1346.0,91.0,3.331,0.734,29411.0,0.864951,0.135049
768800364,Existing Customer,52.0,F,4.0,High School,Married,$80K - $120K,Gold,51.0,2.0,6.0,5.0,21369.4,592.0,2.532,6656.0,96.0,3.273,0.673,20777.4,0.90569,0.09431
768800365,Existing Customer,26.0,M,0.0,High School,Divorced,$80K - $120K,Platinum,38.0,1.0,3.0,3.0,24411.8,1284.0,0.402,14172.0,112.0,3.522,0.332,23127.8,0.870903,0.129097
768800366,Existing Customer,40.0,M,2.0,Graduate,Divorced,$60K - $80K,Blue,33.0,1.0,5.0,5.0,13528.1,1770.0,1.616,6615.0,45.0,1.583,0.826,11758.1,0.903521,0.096479
768800367,Existing Customer,47.0,F,1.0,High School,Single,$120K +,Blue,27.0,4.0,6.0,1.0,6721.8,90.0,2.002,13760.0,42.0,2.901,0.716,6631.8,0.808684,0.191316
768800368,Existing Customer,72.0,M,0.0,Unknown,Single,$40K - $60K,Platinum,53.0,4.0,6.0,0.0,12042.3,1526.0,0.499,14428.0,72.0,3.064,0.128,10516.3,0.929714,0.070286
768800369,Attrited Customer,56.0,F,1.0,Graduate,Married,$80K - $120K,Gold,43.0,2.0,4.0,0.0,33334.5,1251.0,1.469,18429.0,92.0,1.168,0.195,32083.5,0.140411,0.859589
768800370,Existing Customer,68.0,M,0.0,Graduate,Unknown,Less than $40K,Gold,21.0,5.0,5.0,6.0,22006.3,175.0,0.966,6439.0,93.0,0.538,0.637,21831.3,0.936193,0.063807
768800371,Existing Customer,42.0,M,4.0,Unknown,Married,Less than $40K,Blue,55.0,5.0,3.0,0.0,10617.5,663.0,0.404,6762.0,29.0,3.689,0.289,9954.5,0.913452,0.086548
768800372,Existing Customer,47.0,F,0.0,Doctorate,Single,$120K +,Blue,15.0,3.0,5.0,6.0,16353.4,1129.0,1.741,946.0,111.0,0.112,0.119,15224.4,0.887581,0.112419
768800373,Existing Customer,46.0,F,2.0,Graduate,Divorced,$60K - $80K,Platinum,38.0,2.0,2.0,5.0,29075.1,862.0,0.563,5642.0,57.0,2.21,0.155,28213.1,0.870028,0.129972
768800374,Existing Customer,68.0,M,4.0,Uneducated,Divorced,$80K - $120K,Silver,21.0,5.0,4.0,1.0,23548.8,730.0,2.008,5552.0,124.0,2.406,0.166,22818.8,0.845287,0.154713
768800375,Existing Customer,72.0,M,5.0,College,Divorced,$80K - $120K,Gold,42.0,5.0,0.0,6.0,19983.3,1634.0,0.577,8654.0,104.0,2.523,0.478,18349.3,0.900014,0.099986
768800376,Attrited Customer,72.0,M,5.0,College,Divorced,$80K - $120K,Silver,31.0,2.0,6.0,1.0,30717.4,1018.0,2.46,8080.0,137.0,0.946,0.607,29699.4,0.059218,0.940782
768800377,Existing Customer,62.0,F,0.0,Unknown,Divorced,$40K - $60K,Silver,32.0,2.0,1.0,1.0,23681.0,1253.0,0.664,15906.0,92.0,2.67,0.176,22428.0,0.865648,0.134352
768800378,Existing Customer,50.0,F,5.0,Unknown,Unknown,Less than $40K,Blue,42.0,3.0,4.0,4.0,22698.2,2010.0,3.047,14418.0,78.0,0.801,0.712,20688.2,0.935574,0.064426
768800379,Existing Customer,51.0,M,3.0,Unknown,Single,Less than $40K,Platinum,46.0,4.0,0.0,2.0,7715.2,234.0,0.089,13606.0,34.0,3.067,0.281,7481.2,0.821743,0.178257
768800380,Existing Customer,73.0,M,1.0,High School,Unknown,$120K +,Platinum,29.0,1.0,1.0,2.0,4957.1,906.0,1.775,603.0,61.0,0.811,0.312,4051.1,0.812578,0.187422
768800381,Attrited Customer,39.0,M,2.0,Graduate,Unknown,$40K - $60K,Blue,56.0,6.0,6.0,1.0,33363.0,183.0,1.088,8987.0,121.0,2.578,0.223,33180.0,0.174398,0.825602
768800382,Existing Customer,42.0,M,5.0,College,Unknown,$60K - $80K,Silver,34.0,3.0,5.0,4.0,21247.0,2335.0,0.765,13624.0,59.0,2.899,0.785,18912.0,0.879555,0.120445
768800383,Existing Customer,69.0,F,2.0,High School,Unknown,$60K - $80K,Gold,20.0,3.0,1.0,0.0,15188.0,467.0,1.603,4906.0,16.0,0.699,0.96,14721.0,0.960365,0.039635
768800384,Existing Customer,44.0,F,1.0,Uneducated,Unknown,Less than $40K,Silver,13.0,1.0,0.0,1.0,20921.6,2064.0,2.863,8146.0,41.0,0.881,0.492,18857.6,0.987462,0.012538
768800385,Attrited Customer,37.0,M,5.0,High School,Married,$60K - $80K,Gold,21.0,6.0,5.0,3.0,3482.6,480.0,3.112,13578.0,87.0,2.883,0.042,3002.6,0.175482,0.824518
768800386,Existing Customer,52.0,F,5.0,Unknown,Unknown,Less than $40K,Silver,43.0,2.0,6.0,3.0,28632.3,815.0,1.031,14791.0,91.0,0.318,0.261,27817.3,0.885119,0.114881
768800387,Attrited Customer,41.0,M,5.0,High School,Divorced,Less than $40K,Blue,36.0,6.0,1.0,4.0,8604.2,1531.0,0.524,15870.0,137.0,0.706,0.158,7073.2,0.025676,0.974324
768800388,Existing Customer,68.0,M,5.0,High School,Single,Less than $40K,Silver,27.0,3.0,4.0,1.0,28050.8,2093.0,2.448,8235.0,131.0,1.685,0.843,25957.8,0.921723,0.078277
768800389,Attrited Customer,69.0,M,5.0,Graduate,Divorced,$120K +,Gold,34.0,6.0,1.0,4.0,19114.2,447.0,1.979,7699.0,79.0,3.442,0.085,18667.2,0.040328,0.959672
768800390,Existing Customer,40.0,M,2.0,High School,Single,$60K - $80K,Blue,49.0,2.0,5.0,5.0,10586.4,536.0,0.683,7389.0,82.0,2.079,0.966,10050.4,0.924469,0.075531
768800391,Existing Customer,51.0,M,1.0,College,Divorced,$120K +,Platinum,38.0,1.0,2.0,2.0,2437.3,2220.0,2.585,12527.0,114.0,1.434,0.589,217.3,0.864356,0.135644
768800392,Existing Customer,73.0,F,3.0,Uneducated,Unknown,$60K - $80K,Blue,15.0,5.0,0.0,1.0,28424.1,810.0,1.764,8051.0,16.0,3.62,0.518,27614.1,0.81275,0.18725
768800393,Existing Customer,61.0,F,1.0,Unknown,Married,$40K - $60K,Blue,15.0,5.0,2.0,3.0,7274.9,528.0,2.222,7703.0,87.0,1.716,0.847,6746.9,0.842001,0.157999
768800394,Existing Customer,36.0,M,2.0,Graduate,Single,$80K - $120K,Gold,34.0,4.0,3.0,4.0,3151.6,1872.0,1.222,3534.0,71.0,1.605,0.028,1279.6,0.830884,0.169116
768800395,Existing Customer,54.0,F,3.0,College,Unknown,$120K +,Gold,30.0,1.0,5.0,0.0,26440.9,229.0,1.493,9110.0,111.0,1.523,0.777,26211.9,0.82478,0.17522
768800396,Existing Customer,55.0,F,5.0,College,Single,$60K - $80K,Silver,50.0,6.0,0.0,3.0,13016.7,2183.0,0.613,4775.0,114.0,1.155,0.117,10833.7,0.985257,0.014743
768800397,Existing Customer,57.0,F,1.0,College,Unknown,Less than $40K,Silver,38.0,3.0,6.0,1.0,14316.4,2205.0,2.572,9945.0,95.0,1.205,0.841,12111.4,0.80277,0.19723
768800398,Existing Customer,27.0,F,1.0,Doctorate,Married,$40K - $60K,Blue,46.0,6.0,4.0,3.0,9610.5,2156.0,0.534,16483.0,95.0,2.545,0.529,7454.5,0.920372,0.079628
768800399,Existing Customer,40.0,M,4.0,Graduate,Divorced,$120K +,Gold,38.0,6.0,6.0,6.0,29857.9,743.0,2.646,14453.0,99.0,0.151,0.061,29114.9,0.989495,0.010505
768800400,Existing Customer,67.0,F,0.0,College,Unknown,$60K - $80K,Silver,28.0,6.0,6.0,3.0,11273.1,287.0,2.713,9103.0,85.0,2.523,0.833,10986.1,0.872011,0.127989
768800401,Attrited Customer,37.0,F,3.0,Doctorate,Unknown,$120K +,Blue,41.0,5.0,1.0,5.0,8390.7,1071.0,2.538,18080.0,39.0,0.744,0.027,7319.7,0.041536,0.958464
768800402,Existing Customer,40.0,F,4.0,Unknown,Married,$60K - $80K,Silver,40.0,5.0,0.0,2.0,11667.4,842.0,0.066,18129.0,46.0,1.422,0.138,10825.4,0.939157,0.060843
768800403,Existing Customer,41.0,M,3.0,College,Unknown,Less than $40K,Platinum,44.0,4.0,5.0,6.0,8157.8,2414.0,0.929,8497.0,106.0,0.542,0.798,5743.8,0.863434,0.136566
768800404,Attrited Customer,34.0,M,2.0,College,Single,$120K +,Silver,21.0,1.0,1.0,5.0,11945.4,1590.0,1.592,14233.0,90.0,2.045,0.465,10355.4,0.038936,0.961064
768800405,Attrited Customer,33.0,M,4.0,Unknown,Single,$80K - $120K,Platinum,41.0,3.0,1.0,6.0,4181.4,2377.0,2.025,6663.0,40.0,2.699,0.881,1804.4,0.144849,0.855151
768800406,Existing Customer,42.0,M,2.0,College,Single,$80K - $120K,Silver,25.0,5.0,3.0,5.0,6681.9,1890.0,3.125,16303.0,124.0,1.312,0.635,4791.9,0.949071,0.050929
768800407,Existing Customer,67.0,M,4.0,Unknown,Divorced,$120K +,Blue,47.0,5.0,6.0,4.0,15233.3,1800.0,1.277,7225.0,137.0,0.605,0.624,13433.3,0.96169,0.03831
768800408,Existing Customer,26.0,M,2.0,High School,Divorced,Less than $40K,Silver,48.0,4.0,5.0,3.0,30529.0,281.0,2.975,5152.0,91.0,0.838,0.292,30248.0,0.997468,0.002532
768800409,Attrited Customer,39.0,F,0.0,Uneducated,Single,$120K +,Silver,40.0,5.0,3.0,6.0,3333.1,173.0,0.556,2916.0,39.0,3.027,0.134,3160.1,0.042367,0.957633
768800410,Existing Customer,28.0,M,3.0,High School,Married,$40K - $60K,Blue,54.0,1.0,1.0,5.0,8472.9,117.0,1.262,15656.0,131.0,0.99,0.961,8355.9,0.949418,0.050582
768800411,Existing Customer,52.0,F,0.0,High School,Unknown,$120K +,Gold,36.0,3.0,2.0,2.0,31484.3,1494.0,0.178,5847.0,40.0,2.866,0.105,29990.3,0.920557,0.079443
768800412,Existing Customer,38.0,M,5.0,Uneducated,Married,Less than $40K,Silver,14.0,4.0,4.0,0.0,30877.9,507.0,2.524,15129.0,66.0,1.225,0.529,30370.9,0.933321,0.066679
768800413,Attrited Customer,64.0,F,3.0,Graduate,Married,$60K - $80K,Gold,39.0,6.0,1.0,0.0,23912.9,2490.0,0.512,2063.0,121.0,0.698,0.273,21422.9,0.189357,0.810643
768800414,Existing Customer,54.0,M,2.0,Uneducated,Divorced,$80K - $120K,Silver,47.0,2.0,3.0,1.0,9392.4,334.0,0.874,9513.0,77.0,2.691,0.264,9058.4,0.949946,0.050054
768800415,Existing Customer,63.0,F,2.0,Uneducated,Single,Less than $40K,Silver,17.0,2.0,0.0,0.0,15324.5,2384.0,2.636,8201.0,41.0,1.734,0.595,12940.5,0.977149,0.022851
768800416,Existing Customer,56.0,M,3.0,College,Divorced,Less than $40K,Silver,17.0,3.0,2.0,1.0,8424.8,1681.0,1.818,8397.0,20.0,0.116,0.798,6743.8,0.869864,0.130136
768800417,Existing Customer,47.0,M,1.0,Unknown,Unknown,$120K +,Blue,25.0,2.0,1.0,0.0,5691.5,266.0,0.048,3518.0,56.0,3.552,0.777,5425.5,0.930696,0.069304
768800418,Existing Customer,67.0,M,1.0,Unknown,Married,Less than $40K,Gold,50.0,4.0,4.0,6.0,14007.6,147.0,0.008,1837.0,97.0,0.547,0.869,13860.6,0.856058,0.143942
768800419,Attrited Customer,48.0,F,2.0,Uneducated,Single,$80K - $120K,Blue,36.0,4.0,6.0,0.0,20485.0,997.0,1.736,6736.0,102.0,1.308,0.293,19488.0,0.138181,0.861819
768800420,Existing Customer,71.0,M,1.0,Graduate,Divorced,$120K +,Gold,55.0,5.0,1.0,4.0,13343.9,853.0,1.037,8962.0,38.0,1.424,0.466,12490.9,0.950235,0.049765
768800421,Existing Customer,73.0,F,4.0,Doctorate,Unknown,$80K - $120K,Platinum,51.0,6.0,5.0,2.0,21642.9,794.0,0.613,14774.0,30.0,1.811,0.009,20848.9,0.9582,0.0418
768800422,Existing Customer,54.0,F,0.0,High School,Divorced,$60K - $80K,Platinum,37.0,1.0,4.0,1.0,11237.5,1330.0,2.086,8822.0,101.0,2.906,0.747,9907.5,0.884025,0.115975
768800423,Existing Customer,58.0,M,4.0,College,Single,$60K - $80K,Silver,42.0,2.0,6.0,4.0,12878.0,326.0,0.777,4930.0,30.0,0.023,0.302,12552.0,0.901744,0.098256
768800424,Existing Customer,38.0,M,2.0,Uneducated,Divorced,$80K - $120K,Silver,27.0,2.0,6.0,6.0,27591.9,325.0,2.014,5228.0,18.0,3.45,0.561,27266.9,0.86677,0.13323
768800425,Existing Customer,65.0,M,3.0,Graduate,Unknown,$60K - $80K,Platinum,16.0,2.0,0.0,5.0,30490.9,1749.0,1.29,11508.0,73.0,2.39,0.169,28741.9,0.833807,0.166193
768800426,Existing Customer,58.0,M,0.0,College,Single,$60K - $80K,Silver,30.0,5.0,5.0,6.0,12090.2,2493.0,0.635,8340.0,84.0,3.517,0.819,9597.2,0.852103,0.147897
768800427,Attrited Customer,69.0,M,2.0,Graduate,Unknown,Less than $40K,Silver,39.0,1.0,4.0,4.0,20342.6,689.0,0.47,16708.0,41.0,3.024,0.817,19653.6,0.078999,0.921001
768800428,Existing Customer,38.0,M,4.0,Graduate,Unknown,$80K - $120K,Platinum,21.0,1.0,0.0,4.0,10639.1,2346.0,0.805,8414.0,37.0,3.433,0.877,8293.1,0.861794,0.138206
768800429,Existing Customer,63.0,F,1.0,College,Single,$80K - $120K,Platinum,22.0,6.0,1.0,1.0,3202.2,868.0,0.101,10700.0,40.0,2.224,0.046,2334.2,0.994952,0.005048
768800430,Attrited Customer,48.0,M,0.0,Graduate,Married,$80K - $120K,Platinum,13.0,6.0,6.0,5.0,25844.8,845.0,1.048,1658.0,54.0,1.322,0.992,24999.8,0.082231,0.917769
768800431,Existing Customer,34.0,M,3.0,Doctorate,Unknown,Less than $40K,Blue,45.0,2.0,3.0,5.0,7094.5,227.0,3.067,3993.0,11.0,1.639,0.248,6867.5,0.944614,0.055386
768800432,Existing Customer,34.0,F,0.0,High School,Married,$80K - $120K,Platinum,52.0,2.0,2.0,1.0,15519.7,1065.0,2.827,15791.0,11.0,2.435,0.309,14454.7,0.914781,0.085219
768800433,Existing Customer,52.0,F,1.0,Uneducated,Single,$80K - $120K,Blue,49.0,4.0,2.0,2.0,17548.5,1253.0,1.265,6707.0,58.0,1.58,0.249,16295.5,0.939374,0.060626
768800434,Existing Customer,41.0,M,2.0,Doctorate,Married,Less than $40K,Gold,29.0,4.0,5.0,4.0,7540.0,1671.0,1.958,8077.0,12.0,2.707,0.268,5869.0,0.928792,0.071208
768800435,Existing Customer,30.0,M,3.0,Graduate,Divorced,$120K +,Platinum,39.0,6.0,1.0,0.0,4565.7,398.0,1.929,11121.0,51.0,0.34,0.553,4167.7,0.94135,0.05865
768800436,Existing Customer,46.0,M,3.0,Doctorate,Single,$60K - $80K,Gold,55.0,3.0,1.0,5.0,12949.6,475.0,2.818,1549.0,85.0,3.071,0.24,12474.6,0.981109,0.018891
768800437,Existing Customer,57.0,F,4.0,Doctorate,Divorced,$60K - $80K,Platinum,39.0,1.0,4.0,1.0,32937.7,1088.0,0.803,9616.0,14.0,0.755,0.394,31849.7,0.912694,0.087306
768800438,Existing Customer,41.0,F,5.0,Unknown,Unknown,$80K - $120K,Silver,26.0,3.0,6.0,0.0,21785.5,175.0,1.008,6732.0,90.0,3.493,0.656,21610.5,0.81357,0.18643
768800439,Existing Customer,71.0,M,0.0,Graduate,Unknown,$60K - $80K,Silver,27.0,4.0,1.0,2.0,14054.3,360.0,1.026,3181.0,90.0,0.576,0.836,13694.3,0.854165,0.145835
768800440,Attrited Customer,63.0,M,2.0,Doctorate,Unknown,$60K - $80K,Silver,44.0,4.0,1.0,5.0,2725.1,1584.0,0.139,8029.0,84.0,0.478,0.693,1141.1,0.098979,0.901021
768800441,Existing Customer,50.0,M,0.0,Unknown,Married,$40K - $60K,Silver,32.0,4.0,3.0,1.0,21293.8,2401.0,1.07,8541.0,91.0,3.004,0.594,18892.8,0.898815,0.101185
768800442,Existing Customer,70.0,F,0.0,Doctorate,Single,$120K +,Gold,49.0,6.0,1.0,3.0,4489.7,1442.0,2.985,3859.0,115.0,3.029,0.148,3047.7,0.90971,0.09029
768800443,Existing Customer,46.0,M,1.0,Graduate,Married,$120K +,Silver,51.0,5.0,4.0,5.0,19384.3,365.0,3.101,10271.0,19.0,2.733,0.816,19019.3,0.919316,0.080684
768800444,Existing Customer,32.0,M,3.0,Doctorate,Unknown,Less than $40K,Gold,14.0,2.0,1.0,0.0,26311.0,2495.0,0.373,13922.0,31.0,3.554,0.037,23816.0,0.876526,0.123474
768800445,Existing Customer,27.0,M,5.0,High School,Divorced,$80K - $120K,Silver,44.0,3.0,0.0,5.0,15449.4,1314.0,1.557,5315.0,51.0,1.001,0.264,14135.4,0.954779,0.045221
768800446,Attrited Customer,71.0,M,4.0,College,Single,Less than $40K,Silver,29.0,5.0,1.0,2.0,11341.9,1805.0,1.297,17883.0,99.0,3.059,0.057,9536.9,0.138019,0.861981
768800447,Existing Customer,72.0,F,3.0,Uneducated,Divorced,$40K - $60K,Blue,35.0,3.0,6.0,4.0,3005.4,495.0,1.664,11518.0,123.0,1.303,0.667,2510.4,0.94286,0.05714
768800448,Existing Customer,61.0,M,4.0,College,Divorced,$120K +,Gold,24.0,3.0,6.0,1.0,2257.6,1456.0,1.886,14406.0,129.0,1.988,0.368,801.6,0.943062,0.056938
768800449,Existing Customer,30.0,M,1.0,College,Single,Less than $40K,Platinum,29.0,2.0,3.0,0.0,15662.4,192.0,0.069,1771.0,85.0,1.649,0.652,15470.4,0.978072,0.021928
768800450,Existing Customer,40.0,F,5.0,High School,Single,$40K - $60K,Platinum,27.0,2.0,2.0,5.0,30657.3,1575.0,2.864,14305.0,63.0,0.022,0.347,29082.3,0.919079,0.080921
768800451,Attrited Customer,27.0,F,5.0,College,Married,$40K - $60K,Silver,15.0,5.0,5.0,5.0,9511.1,509.0,3.31,6560.0,63.0,2.126,0.456,9002.1,0.05693,0.94307
768800452,Existing Customer,28.0,M,0.0,Unknown,Single,$80K - $120K,Silver,47.0,6.0,1.0,6.0,20426.6,2290.0,2.222,13274.0,17.0,2.766,0.458,18136.6,0.823839,0.176161
768800453,Existing Customer,37.0,M,2.0,Uneducated,Single,$60K - $80K,Gold,19.0,5.0,4.0,4.0,24073.5,137.0,2.246,14966.0,70.0,0.646,0.046,23936.5,0.926392,0.073608
768800454,Existing Customer,53.0,F,4.0,Graduate,Unknown,$60K - $80K,Gold,29.0,2.0,4.0,3.0,3450.1,1643.0,1.795,5010.0,76.0,3.447,0.43,1807.1,0.943385,0.056615
768800455,Existing Customer,29.0,M,2.0,Unknown,Unknown,$120K +,Blue,21.0,1.0,4.0,1.0,6502.3,351.0,1.137,5170.0,37.0,1.962,0.641,6151.3,0.895444,0.104556
768800456,Attrited Customer,73.0,F,5.0,High School,Unknown,$60K - $80K,Gold,20.0,1.0,1.0,2.0,12396.0,1730.0,0.507,1579.0,109.0,0.66,0.546,10666.0,0.094408,0.905592
768800457,Existing Customer,47.0,F,5.0,Uneducated,Married,$80K - $120K,Blue,29.0,3.0,5.0,4.0,23603.3,1242.0,1.986,11388.0,115.0,2.39,0.075,22361.3,0.910007,0.089993
768800458,Existing Customer,38.0,F,2.0,College,Unknown,Less than $40K,Blue,53.0,4.0,4.0,2.0,15960.4,2436.0,0.153,14423.0,49.0,0.71,0.668,13524.4,0.87295,0.12705
768800459,Existing Customer,50.0,M,0.0,Uneducated,Single,$40K - $60K,Gold,54.0,6.0,6.0,3.0,25723.7,1641.0,2.803,7880.0,128.0,0.235,0.309,24082.7,0.981825,0.018175
768800460,Existing Customer,63.0,F,2.0,Unknown,Single,$120K +,Blue,29.0,6.0,1.0,1.0,30136.4,936.0,1.431,3403.0,23.0,2.536,0.014,29200.4,0.871358,0.128642
768800461,Existing Customer,41.0,F,1.0,Uneducated,Unknown,$120K +,Silver,35.0,1.0,4.0,3.0,26523.4,219.0,1.41,6198.0,128.0,0.41,0.156,26304.4,0.835141,0.164859
768800462,Attrited Customer,28.0,M,2.0,Unknown,Unknown,$80K - $120K,Gold,56.0,5.0,5.0,1.0,34259.6,1500.0,1.112,7751.0,109.0,0.393,0.498,32759.6,0.143025,0.856975
768800463,Existing Customer,28.0,F,3.0,High School,Married,$40K - $60K,Gold,23.0,2.0,1.0,0.0,26390.8,1110.0,3.296,16977.0,39.0,2.738,0.31,25280.8,0.879199,0.120801
768800464,Existing Customer,66.0,F,2.0,Doctorate,Single,Less than $40K,Silver,54.0,2.0,5.0,0.0,29626.4,132.0,0.595,2739.0,94.0,0.204,0.694,29494.4,0.81918,0.18082
768800465,Existing Customer,31.0,F,1.0,College,Divorced,$120K +,Blue,17.0,4.0,0.0,3.0,28971.0,1463.0,0.514,6680.0,50.0,2.996,0.241,27508.0,0.912968,0.087032
768800466,Existing Customer,56.0,M,1.0,Graduate,Divorced,$80K - $120K,Platinum,22.0,1.0,5.0,2.0,25593.7,528.0,0.563,11979.0,113.0,2.946,0.773,25065.7,0.907569,0.092431
768800467,Attrited Customer,44.0,M,4.0,Graduate,Single,$40K - $60K,Platinum,27.0,3.0,4.0,0.0,27960.0,589.0,2.239,4764.0,30.0,0.523,0.286,27371.0,0.147196,0.852804
768800468,Existing Customer,63.0,F,0.0,Doctorate,Divorced,$60K - $80K,Platinum,14.0,4.0,1.0,3.0,32355.5,22.0,3.372,16413.0,41.0,1.918,0.621,32333.5,0.919528,0.080472
768800469,Existing Customer,28.0,M,1.0,College,Unknown,$80K - $120K,Gold,48.0,2.0,0.0,1.0,17156.9,936.0,0.801,16854.0,49.0,0.358,0.799,16220.9,0.913472,0.086528
768800470,Existing Customer,69.0,F,5.0,College,Married,$60K - $80K,Silver,50.0,4.0,5.0,0.0,22551.3,549.0,3.079,7342.0,35.0,2.341,0.386,22002.3,0.954723,0.045277
768800471,Existing Customer,59.0,F,0.0,High School,Divorced,$120K +,Platinum,29.0,3.0,1.0,0.0,18471.2,180.0,0.947,13918.0,53.0,0.233,0.047,18291.2,0.872314,0.127686
768800472,Existing Customer,47.0,F,2.0,College,Divorced,Less than $40K,Silver,49.0,5.0,3.0,3.0,29588.6,1093.0,2.203,14097.0,88.0,3.495,0.535,28495.6,0.849752,0.150248
768800473,Existing Customer,35.0,M,1.0,Unknown,Unknown,$40K - $60K,Blue,46.0,2.0,0.0,6.0,15706.5,554.0,0.138,12765.0,92.0,0.769,0.995,15152.5,0.990244,0.009756
768800474,Existing Customer,72.0,F,0.0,High School,Single,Less than $40K,Platinum,48.0,1.0,6.0,1.0,28552.9,337.0,1.685,3862.0,82.0,2.527,0.969,28215.9,0.912244,0.087756
768800475,Existing Customer,40.0,M,2.0,Uneducated,Married,$80K - $120K,Silver,48.0,4.0,3.0,1.0,27879.1,1175.0,2.226,1400.0,34.0,0.475,0.221,26704.1,0.805428,0.194572
768800476,Existing Customer,49.0,F,3.0,Uneducated,Divorced,$80K - $120K,Platinum,38.0,2.0,6.0,1.0,33255.3,159.0,1.823,6751.0,36.0,0.776,0.756,33096.3,0.964142,0.035858
768800477,Existing Customer,44.0,M,1.0,Unknown,Divorced,$120K +,Silver,17.0,5.0,1.0,2.0,9671.8,2493.0,0.809,2868.0,129.0,1.669,0.345,7178.8,0.839352,0.160648
768800478,Existing Customer,37.0,M,0.0,Graduate,Single,$60K - $80K,Platinum,53.0,1.0,1.0,5.0,24910.8,1185.0,2.817,5764.0,42.0,2.12,0.16,23725.8,0.957207,0.042793
768800479,Existing Customer,45.0,F,0.0,Uneducated,Unknown,Less than $40K,Gold,39.0,4.0,4.0,2.0,26475.4,2508.0,3.298,11984.0,23.0,3.696,0.666,23967.4,0.941032,0.058968
768800480,Existing Customer,33.0,F,3.0,Doctorate,Unknown,$60K - $80K,Silver,52.0,6.0,4.0,4.0,32408.2,2219.0,1.561,11093.0,69.0,0.096,0.501,30189.2,0.993763,0.006237
768800481,Existing Customer,26.0,F,5.0,High School,Married,Less than $40K,Silver,55.0,1.0,5.0,6.0,31436.5,2466.0,2.162,4274.0,10.0,0.001,0.539,28970.5,0.993116,0.006884
768800482,Existing Customer,39.0,M,1.0,Doctorate,Unknown,$80K - $120K,Platinum,21.0,2.0,6.0,6.0,20409.1,1366.0,2.687,828.0,54.0,1.296,0.827,19043.1,0.854882,0.145118
768800483,Existing Customer,31.0,F,1.0,Doctorate,Married,$80K - $120K,Blue,30.0,6.0,5.0,3.0,20595.2,1065.0,0.821,4565.0,121.0,1.355,0.337,19530.2,0.95329,0.04671
768800484,Existing Customer,45.0,F,2.0,Doctorate,Single,$120K +,Silver,21.0,4.0,0.0,4.0,6971.7,1812.0,2.939,8685.0,44.0,3.27,0.667,5159.7,0.863371,0.136629
768800485,Existing Customer,67.0,F,2.0,College,Married,$40K - $60K,Silver,15.0,2.0,2.0,6.0,33687.8,203.0,0.953,14515.0,101.0,3.377,0.366,33484.8,0.92584,0.07416
768800486,Existing Customer,33.0,F,1.0,Doctorate,Single,$40K - $60K,Gold,55.0,2.0,6.0,5.0,9873.5,2115.0,2.638,7073.0,73.0,3.258,0.043,7758.5,0.919549,0.080451
768800487,Existing Customer,26.0,M,0.0,Doctorate,Unknown,Less than $40K,Silver,53.0,5.0,3.0,2.0,25410.8,814.0,0.381,5649.0,56.0,0.53,0.378,24596.8,0.810909,0.189091
768800488,Existing Customer,31.0,M,3.0,Unknown,Single,$60K - $80K,Gold,53.0,6.0,6.0,0.0,27761.3,18.0,0.981,10420.0,96.0,1.525,0.95,27743.3,0.801036,0.198964
768800489,Existing Customer,50.0,F,2.0,Uneducated,Divorced,$60K - $80K,Silver,51.0,3.0,3.0,0.0,16032.5,598.0,1.814,1796.0,87.0,2.76,0.483,15434.5,0.811553,0.188447
768800490,Existing Customer,39.0,F,2.0,Uneducated,Married,$80K - $120K,Blue,41.0,3.0,0.0,6.0,8423.9,610.0,1.785,4562.0,51.0,1.157,0.108,7813.9,0.825588,0.174412
768800491,Existing Customer,49.0,M,1.0,College,Divorced,$80K - $120K,Blue,35.0,5.0,3.0,3.0,7688.4,35.0,2.891,1164.0,39.0,2.454,0.688,7653.4,0.85153,0.14847
768800492,Existing Customer,27.0,M,5.0,Graduate,Single,Less than $40K,Gold,56.0,2.0,5.0,2.0,29769.2,1683.0,3.387,9957.0,129.0,0.877,0.963,28086.2,0.981391,0.018609
768800493,Existing Customer,41.0,F,3.0,Unknown,Divorced,$40K - $60K,Silver,37.0,2.0,4.0,2.0,18332.8,239.0,0.365,8476.0,31.0,1.197,0.908,18093.8,0.903727,0.096273
768800494,Existing Customer,45.0,F,2.0,Doctorate,Unknown,$60K - $80K,Silver,41.0,5.0,0.0,1.0,4419.6,2131.0,0.923,10981.0,134.0,3.184,0.572,2288.6,0.959378,0.040622
768800495,Existing Customer,46.0,M,1.0,College,Divorced,$40K - $60K,Gold,22.0,2.0,1.0,5.0,25155.6,1141.0,1.216,11602.0,71.0,0.927,0.376,24014.6,0.967662,0.032338
768800496,Existing Customer,52.0,F,4.0,Graduate,Married,Less than $40K,Silver,45.0,5.0,5.0,4.0,9713.2,1808.0,1.628,7612.0,139.0,3.568,0.581,7905.2,0.946989,0.053011
768800497,Existing Customer,63.0,F,5.0,Uneducated,Single,$120K +,Silver,49.0,3.0,6.0,6.0,30427.4,855.0,1.679,16128.0,55.0,1.133,0.816,29572.4,0.878277,0.121723
768800498,Existing Customer,48.0,M,0.0,Uneducated,Married,$80K - $120K,Blue,42.0,6.0,5.0,2.0,11678.0,332.0,2.911,17015.0,83.0,0.087,0.861,11346.0,0.972772,0.027228
768800499,Existing Customer,66.0,M,5.0,College,Single,$60K - $80K,Silver,34.0,1.0,0.0,3.0,8062.6,454.0,2.62,2501.0,89.0,0.943,0.819,7608.6,0.94841,0.05159
